{"t_air_ds":14.5,"t_soil_ds":15.3125,"lux":19.16667,"sens_suolo_anal1":99,"sens_suolo_anal2":100,"soil_raw_a1":183,"soil_raw_a2":141,"vbat":12.22212,"vbat_pct":48,"vbat_str":"? V (48%)","vpv":0.001928,"valve1":0,"valve2":0,"motion":0,"flow_lph":0,"flow_total":0.568889,"rain":0,"rtc_ok":0,"flow_trip":0,"flow_total_raw":0.568889,"flow_total_off":3.968889,"age_s":1,"net":"AP Irriga-ESP32 192.168.4.1 | STA FIDOKAwifiFKRF0694C 192.168.1.81","rtc_epoch_esp32":1762271179,"rtc_tz_off_s":3600,"esp_uptime_s":44120,"esp_boot_epoch":1762227059,"esp_reset_reason":3,"esp_reset_str":"SW","bme_voc":1.400085,"bme_co2eq":954.1108,"bme_iaq":142.6298,"bme_static_iaq":95.41109,"bme_t":14.50948,"bme_rh":69.33257,"bme_p":994.0969,"bme_iaq_acc":1,"bme_gas_pct":58.24447,"bme_gas_raw":131046.8,"bme_addr":119,"bme_id":97,"bsec_ok":true,"bme280_ok":false,"crops":["","",""],"disp":["Ta 13.6 Ts 14.4","S1 -- S2 --","VB 12.23 PV --","12:37 04/11"]}