{"t_air_ds":22.625,"t_soil_ds":20.75,"lux":0,"sens_suolo_anal1":0,"sens_suolo_anal2":0,"soil_raw_a1":433,"soil_raw_a2":443,"vbat":12.18004,"vbat_pct":45,"vbat_str":"? V (45%)","vpv":0.001928,"valve1":0,"valve2":0,"motion":0,"flow_lph":0,"flow_total":0,"rain":0,"rtc_ok":1,"rtc_epoch":947363637,"age_s":0,"net":"AP Irriga-ESP32 192.168.4.1 | STA timtest 192.168.1.55","rtc_epoch_esp32":1759822896,"rtc_tz_off_s":3600,"bme_voc":0.913252,"bme_co2eq":765.6727,"bme_iaq":110.8184,"bme_static_iaq":76.56727,"bme_t":20.57184,"bme_rh":58.98499,"bme_p":1021.575,"bme_iaq_acc":1,"bme_gas_pct":42.71506,"bme_gas_raw":201932.6,"bme_addr":119,"bme_id":97,"bsec_ok":true,"bme280_ok":false,"crops":["","",""],"disp":["Ta 22.6 Ts 20.8","S1 -- S2 --","VB 12.18 PV --","09:41 07/10"]}