{"t_air_ds":22.125,"t_soil_ds":23.375,"lux":0,"sens_suolo_anal1":0,"sens_suolo_anal2":0,"soil_raw_a1":434,"soil_raw_a2":445,"vbat":12.18172,"vbat_pct":45,"vbat_str":"? V (45%)","vpv":0.001928,"valve1":0,"valve2":0,"motion":0,"flow_lph":0,"flow_total":5.697777,"rain":0,"rtc_ok":1,"rtc_epoch":947636376,"age_s":0,"net":"AP Irriga-ESP32 192.168.4.1 | STA timtest 192.168.1.55","rtc_epoch_esp32":1760095636,"rtc_tz_off_s":3600,"bme_voc":3.05271,"bme_co2eq":1297.885,"bme_iaq":121.879,"bme_static_iaq":129.7885,"bme_t":21.80899,"bme_rh":68.62247,"bme_p":1026.319,"bme_iaq_acc":3,"bme_gas_pct":55.46398,"bme_gas_raw":167101.8,"bme_addr":119,"bme_id":97,"bsec_ok":true,"bme280_ok":false,"crops":["","",""],"disp":["Ta 22.1 Ts 23.4","S1 -- S2 --","VB 12.18 PV --","13:27 10/10"]}