{"t_air_ds":22.1875,"t_soil_ds":23.375,"lux":0,"sens_suolo_anal1":0,"sens_suolo_anal2":0,"soil_raw_a1":435,"soil_raw_a2":445,"vbat":12.17162,"vbat_pct":44,"vbat_str":"? V (44%)","vpv":0.001928,"valve1":0,"valve2":0,"motion":0,"flow_lph":0,"flow_total":5.697777,"rain":0,"rtc_ok":1,"rtc_epoch":947637713,"age_s":0,"net":"AP Irriga-ESP32 192.168.4.1 | STA timtest 192.168.1.55","rtc_epoch_esp32":1760096973,"rtc_tz_off_s":3600,"bme_voc":3.142621,"bme_co2eq":1310.687,"bme_iaq":124.2047,"bme_static_iaq":131.0687,"bme_t":21.87925,"bme_rh":68.86319,"bme_p":1026.329,"bme_iaq_acc":3,"bme_gas_pct":56.46971,"bme_gas_raw":165642.2,"bme_addr":119,"bme_id":97,"bsec_ok":true,"bme280_ok":false,"crops":["","",""],"disp":["Ta 22.2 Ts 23.4","S1 -- S2 --","VB 12.17 PV --","13:49 10/10"]}