{"t_air_ds":21.5,"t_soil_ds":22,"lux":0,"sens_suolo_anal1":0,"sens_suolo_anal2":0,"soil_raw_a1":432,"soil_raw_a2":444,"vbat":12.17499,"vbat_pct":44,"vbat_str":"? V (44%)","vpv":0.001928,"valve1":0,"valve2":0,"motion":0,"flow_lph":0,"flow_total":5.697777,"rain":0,"rtc_ok":1,"rtc_epoch":947450074,"age_s":0,"net":"AP Irriga-ESP32 192.168.4.1 | STA timtest 192.168.1.55","rtc_epoch_esp32":1759909334,"rtc_tz_off_s":3600,"bme_voc":0.786518,"bme_co2eq":699.7859,"bme_iaq":73.95035,"bme_static_iaq":69.97859,"bme_t":20.87548,"bme_rh":50.85469,"bme_p":1020.604,"bme_iaq_acc":3,"bme_gas_pct":14.75623,"bme_gas_raw":254853.2,"bme_addr":119,"bme_id":97,"bsec_ok":true,"bme280_ok":false,"crops":["","",""],"disp":["Ta 21.5 Ts 22.0","S1 -- S2 --","VB 12.17 PV --","09:42 08/10"]}