{"t_air_ds":23.5625,"t_soil_ds":20.9375,"lux":0,"sens_suolo_anal1":0,"sens_suolo_anal2":0,"soil_raw_a1":434,"soil_raw_a2":444,"vbat":12.1733,"vbat_pct":44,"vbat_str":"? V (44%)","vpv":0.001928,"valve1":0,"valve2":0,"motion":0,"flow_lph":0,"flow_total":0.008889,"rain":0,"rtc_ok":1,"rtc_epoch":947320449,"age_s":0,"net":"AP Irriga-ESP32 192.168.4.1 | STA timtest 192.168.1.55","rtc_epoch_esp32":1759779708,"rtc_tz_off_s":3600,"bme_voc":0.909317,"bme_co2eq":763.7684,"bme_iaq":110.3825,"bme_static_iaq":76.37685,"bme_t":21.03608,"bme_rh":55.47522,"bme_p":1020.362,"bme_iaq_acc":1,"bme_gas_pct":40.44932,"bme_gas_raw":213022.7,"bme_addr":119,"bme_id":97,"bsec_ok":true,"bme280_ok":false,"crops":["","",""],"disp":["Ta 23.6 Ts 20.9","S1 -- S2 --","VB 12.17 PV --","21:41 06/10"]}