{"t_air_ds":23.375,"t_soil_ds":25.25,"lux":7.5,"sens_suolo_anal1":0,"sens_suolo_anal2":0,"soil_raw_a1":436,"soil_raw_a2":444,"vbat":12.18509,"vbat_pct":45,"vbat_str":"? V (45%)","vpv":0,"valve1":0,"valve2":0,"motion":0,"flow_lph":0,"flow_total":0.002222,"rain":0,"rtc_ok":1,"rtc_epoch":947312002,"age_s":0,"net":"AP Irriga-ESP32 192.168.4.1 | STA timtest 192.168.1.55","rtc_epoch_esp32":1759771261,"rtc_tz_off_s":3600,"bme_voc":1.225045,"bme_co2eq":895.2099,"bme_iaq":116.2801,"bme_static_iaq":89.52099,"bme_t":23.46774,"bme_rh":53.08782,"bme_p":1019.883,"bme_iaq_acc":3,"bme_gas_pct":45.63087,"bme_gas_raw":201455.8,"bme_addr":119,"bme_id":97,"bsec_ok":true,"bme280_ok":false,"crops":["","",""],"disp":["Ta 23.4 Ts 25.3","S1 -- S2 --","VB 12.19 PV --","19:21 06/10"]}