{"t_air_ds":23.3125,"t_soil_ds":23,"lux":0.833333,"sens_suolo_anal1":0,"sens_suolo_anal2":0,"soil_raw_a1":434,"soil_raw_a2":444,"vbat":12.17499,"vbat_pct":44,"vbat_str":"? V (44%)","vpv":0,"valve1":0,"valve2":0,"motion":0,"flow_lph":0,"flow_total":5.68,"rain":0,"rtc_ok":1,"rtc_epoch":947407337,"age_s":0,"net":"AP Irriga-ESP32 192.168.4.1 | STA timtest 192.168.1.55","rtc_epoch_esp32":1759866597,"rtc_tz_off_s":3600,"bme_voc":0.533798,"bme_co2eq":528.8471,"bme_iaq":56.60376,"bme_static_iaq":52.88471,"bme_t":22.79018,"bme_rh":59.62092,"bme_p":1021.626,"bme_iaq_acc":1,"bme_gas_pct":4.407011,"bme_gas_raw":165161.3,"bme_addr":119,"bme_id":97,"bsec_ok":true,"bme280_ok":false,"crops":["","",""],"disp":["Ta 23.3 Ts 23.0","S1 -- S2 --","VB 12.17 PV --","21:49 07/10"]}