{"t_air_ds":23.125,"t_soil_ds":22.75,"lux":0.833333,"sens_suolo_anal1":0,"sens_suolo_anal2":0,"soil_raw_a1":434,"soil_raw_a2":444,"vbat":12.18004,"vbat_pct":45,"vbat_str":"? V (45%)","vpv":0.007712,"valve1":0,"valve2":0,"motion":0,"flow_lph":0,"flow_total":0.002222,"rain":0,"rtc_ok":1,"rtc_epoch":947403534,"age_s":0,"net":"AP Irriga-ESP32 192.168.4.1 | STA timtest 192.168.1.55","rtc_epoch_esp32":1759862793,"rtc_tz_off_s":3600,"bme_voc":1.983863,"bme_co2eq":1107.812,"bme_iaq":183.7919,"bme_static_iaq":110.7812,"bme_t":23.36987,"bme_rh":59.25824,"bme_p":1021.655,"bme_iaq_acc":1,"bme_gas_pct":90.1584,"bme_gas_raw":172332.5,"bme_addr":119,"bme_id":97,"bsec_ok":true,"bme280_ok":false,"crops":["","",""],"disp":["Ta 23.1 Ts 22.8","S1 -- S2 --","VB 12.18 PV --","20:46 07/10"]}