{"t_air_ds":23.6875,"t_soil_ds":23.0625,"lux":0,"sens_suolo_anal1":0,"sens_suolo_anal2":0,"soil_raw_a1":436,"soil_raw_a2":444,"vbat":12.1834,"vbat_pct":45,"vbat_str":"? V (45%)","vpv":0.001928,"valve1":0,"valve2":0,"motion":0,"flow_lph":0,"flow_total":0,"rain":0,"rtc_ok":1,"rtc_epoch":947305381,"age_s":0,"net":"AP Irriga-ESP32 192.168.4.1 | STA timtest 192.168.1.55","rtc_epoch_esp32":1759764640,"rtc_tz_off_s":3600,"bme_voc":1.169914,"bme_co2eq":874.9021,"bme_iaq":110.0282,"bme_static_iaq":87.49021,"bme_t":23.04113,"bme_rh":54.35175,"bme_p":1019.355,"bme_iaq_acc":3,"bme_gas_pct":41.74528,"bme_gas_raw":203497.6,"bme_addr":119,"bme_id":97,"bsec_ok":true,"bme280_ok":false,"crops":["","",""],"disp":["Ta 23.7 Ts 23.1","S1 -- S2 --","VB 12.18 PV --","17:30 06/10"]}