{"t_air_ds":23.6875,"t_soil_ds":22.75,"lux":0,"sens_suolo_anal1":0,"sens_suolo_anal2":0,"soil_raw_a1":434,"soil_raw_a2":445,"vbat":12.17835,"vbat_pct":45,"vbat_str":"? V (45%)","vpv":0.001928,"valve1":0,"valve2":0,"motion":0,"flow_lph":0,"flow_total":5.697777,"rain":0,"rtc_ok":1,"rtc_epoch":947414477,"age_s":0,"net":"AP Irriga-ESP32 192.168.4.1 | STA timtest 192.168.1.55","rtc_epoch_esp32":1759873737,"rtc_tz_off_s":3600,"bme_voc":0.516076,"bme_co2eq":513.9568,"bme_iaq":53.19501,"bme_static_iaq":51.39568,"bme_t":23.63337,"bme_rh":57.00538,"bme_p":1021.855,"bme_iaq_acc":1,"bme_gas_pct":2.130008,"bme_gas_raw":183053.3,"bme_addr":119,"bme_id":97,"bsec_ok":true,"bme280_ok":false,"crops":["","",""],"disp":["Ta 23.7 Ts 22.8","S1 -- S2 --","VB 12.18 PV --","23:48 07/10"]}