{"t_air_ds":21.9375,"t_soil_ds":22.9375,"lux":0,"sens_suolo_anal1":0,"sens_suolo_anal2":0,"soil_raw_a1":433,"soil_raw_a2":445,"vbat":12.1733,"vbat_pct":44,"vbat_str":"? V (44%)","vpv":0.001928,"valve1":0,"valve2":0,"motion":0,"flow_lph":0,"flow_total":5.697777,"rain":0,"rtc_ok":1,"rtc_epoch":947623658,"age_s":0,"net":"AP Irriga-ESP32 192.168.4.1 | STA timtest 192.168.1.55","rtc_epoch_esp32":1760082918,"rtc_tz_off_s":3600,"bme_voc":2.347701,"bme_co2eq":1182.076,"bme_iaq":103.0752,"bme_static_iaq":118.2076,"bme_t":21.38238,"bme_rh":63.1519,"bme_p":1026.146,"bme_iaq_acc":3,"bme_gas_pct":46.86751,"bme_gas_raw":184837.5,"bme_addr":119,"bme_id":97,"bsec_ok":true,"bme280_ok":false,"crops":["","",""],"disp":["Ta 21.9 Ts 22.9","S1 -- S2 --","VB 12.17 PV --","09:55 10/10"]}