{"t_air_ds":23.625,"t_soil_ds":22.9375,"lux":0,"sens_suolo_anal1":0,"sens_suolo_anal2":0,"soil_raw_a1":435,"soil_raw_a2":445,"vbat":12.18677,"vbat_pct":45,"vbat_str":"? V (45%)","vpv":0,"valve1":0,"valve2":0,"motion":0,"flow_lph":0,"flow_total":5.697777,"rain":0,"rtc_ok":1,"rtc_epoch":947410464,"age_s":0,"net":"AP Irriga-ESP32 192.168.4.1 | STA timtest 192.168.1.55","rtc_epoch_esp32":1759869724,"rtc_tz_off_s":3600,"bme_voc":0.507087,"bme_co2eq":506.2071,"bme_iaq":51.42094,"bme_static_iaq":50.62071,"bme_t":23.56561,"bme_rh":57.85585,"bme_p":1021.852,"bme_iaq_acc":1,"bme_gas_pct":0.947296,"bme_gas_raw":171812.1,"bme_addr":119,"bme_id":97,"bsec_ok":true,"bme280_ok":false,"crops":["","",""],"disp":["Ta 23.6 Ts 22.9","S1 -- S2 --","VB 12.19 PV --","22:42 07/10"]}