{"t_air_ds":23.625,"t_soil_ds":23.0625,"lux":0,"sens_suolo_anal1":0,"sens_suolo_anal2":0,"soil_raw_a1":437,"soil_raw_a2":444,"vbat":12.17667,"vbat_pct":45,"vbat_str":"? V (45%)","vpv":0.001928,"valve1":0,"valve2":0,"motion":0,"flow_lph":0,"flow_total":0,"rain":0,"rtc_ok":1,"rtc_epoch":947308525,"age_s":0,"net":"AP Irriga-ESP32 192.168.4.1 | STA timtest 192.168.1.55","rtc_epoch_esp32":1759767784,"rtc_tz_off_s":3600,"bme_voc":1.128691,"bme_co2eq":859.0818,"bme_iaq":109.5571,"bme_static_iaq":85.90818,"bme_t":23.01604,"bme_rh":53.51751,"bme_p":1019.618,"bme_iaq_acc":3,"bme_gas_pct":41.31586,"bme_gas_raw":203740.5,"bme_addr":119,"bme_id":97,"bsec_ok":true,"bme280_ok":false,"crops":["","",""],"disp":["Ta 23.6 Ts 23.1","S1 -- S2 --","VB 12.18 PV --","18:23 06/10"]}