{"t_air_ds":23.625,"t_soil_ds":20.875,"lux":0,"sens_suolo_anal1":0,"sens_suolo_anal2":0,"soil_raw_a1":434,"soil_raw_a2":444,"vbat":12.18845,"vbat_pct":45,"vbat_str":"? V (45%)","vpv":0.003856,"valve1":0,"valve2":0,"motion":0,"flow_lph":0,"flow_total":0.008889,"rain":0,"rtc_ok":1,"rtc_epoch":947319958,"age_s":0,"net":"AP Irriga-ESP32 192.168.4.1 | STA timtest 192.168.1.55","rtc_epoch_esp32":1759779218,"rtc_tz_off_s":3600,"bme_voc":0.623034,"bme_co2eq":597.0219,"bme_iaq":72.21049,"bme_static_iaq":59.70219,"bme_t":20.73495,"bme_rh":53.55107,"bme_p":1020.383,"bme_iaq_acc":1,"bme_gas_pct":14.87514,"bme_gas_raw":226749.3,"bme_addr":119,"bme_id":97,"bsec_ok":true,"bme280_ok":false,"crops":["","",""],"disp":["Ta 23.6 Ts 20.9","S1 -- S2 --","VB 12.19 PV --","21:33 06/10"]}