{"t_air_ds":21.8125,"t_soil_ds":22.9375,"lux":0,"sens_suolo_anal1":0,"sens_suolo_anal2":0,"soil_raw_a1":434,"soil_raw_a2":445,"vbat":12.18677,"vbat_pct":45,"vbat_str":"? V (45%)","vpv":0.005784,"valve1":0,"valve2":0,"motion":0,"flow_lph":0,"flow_total":5.697777,"rain":0,"rtc_ok":1,"rtc_epoch":947623044,"age_s":0,"net":"AP Irriga-ESP32 192.168.4.1 | STA timtest 192.168.1.55","rtc_epoch_esp32":1760082305,"rtc_tz_off_s":3600,"bme_voc":3.761883,"bme_co2eq":1390.01,"bme_iaq":118.7687,"bme_static_iaq":139.001,"bme_t":21.34976,"bme_rh":63.12661,"bme_p":1025.993,"bme_iaq_acc":3,"bme_gas_pct":54.72177,"bme_gas_raw":171294.8,"bme_addr":119,"bme_id":97,"bsec_ok":true,"bme280_ok":false,"crops":["","",""],"disp":["Ta 21.8 Ts 22.9","S1 -- S2 --","VB 12.19 PV --","09:45 10/10"]}