{"t_air_ds":21.875,"t_soil_ds":23.1875,"lux":0,"sens_suolo_anal1":0,"sens_suolo_anal2":0,"soil_raw_a1":434,"soil_raw_a2":445,"vbat":12.17835,"vbat_pct":45,"vbat_str":"? V (45%)","vpv":0.001928,"valve1":0,"valve2":0,"motion":0,"flow_lph":0,"flow_total":5.697777,"rain":0,"rtc_ok":1,"rtc_epoch":947484793,"age_s":0,"net":"AP Irriga-ESP32 192.168.4.1 | STA timtest 192.168.1.55","rtc_epoch_esp32":1759944053,"rtc_tz_off_s":3600,"bme_voc":4.213392,"bme_co2eq":1439.999,"bme_iaq":193.7267,"bme_static_iaq":143.9999,"bme_t":21.7061,"bme_rh":60.47236,"bme_p":1019.539,"bme_iaq_acc":3,"bme_gas_pct":85.94641,"bme_gas_raw":180918.7,"bme_addr":119,"bme_id":97,"bsec_ok":true,"bme280_ok":false,"crops":["","",""],"disp":["Ta 21.9 Ts 23.2","S1 -- S2 --","VB 12.18 PV --","19:20 08/10"]}