{"t_air_ds":23.0625,"t_soil_ds":22.5,"lux":0,"sens_suolo_anal1":0,"sens_suolo_anal2":0,"soil_raw_a1":435,"soil_raw_a2":443,"vbat":12.18172,"vbat_pct":45,"vbat_str":"? V (45%)","vpv":0.001928,"valve1":0,"valve2":0,"motion":0,"flow_lph":0,"flow_total":0,"rain":0,"rtc_ok":1,"rtc_epoch":947292522,"age_s":0,"net":"AP Irriga-ESP32 192.168.4.1 | STA timtest 192.168.1.55","rtc_epoch_esp32":1759751782,"rtc_tz_off_s":3600,"bme_voc":1.285116,"bme_co2eq":916.3221,"bme_iaq":107.4766,"bme_static_iaq":91.63222,"bme_t":22.62707,"bme_rh":53.62827,"bme_p":1019.374,"bme_iaq_acc":3,"bme_gas_pct":40.42084,"bme_gas_raw":206576.6,"bme_addr":119,"bme_id":97,"bsec_ok":true,"bme280_ok":false,"crops":["","",""],"disp":["Ta 23.1 Ts 22.5","S1 -- S2 --","VB 12.18 PV --","13:56 06/10"]}