{"t_air_ds":23.1875,"t_soil_ds":20.8125,"lux":0,"sens_suolo_anal1":0,"sens_suolo_anal2":0,"soil_raw_a1":433,"soil_raw_a2":443,"vbat":12.16994,"vbat_pct":44,"vbat_str":"? V (44%)","vpv":0.001928,"valve1":0,"valve2":0,"motion":0,"flow_lph":0,"flow_total":0,"rain":0,"rtc_ok":1,"rtc_epoch":947369383,"age_s":0,"net":"AP Irriga-ESP32 192.168.4.1 | STA timtest 192.168.1.55","rtc_epoch_esp32":1759828642,"rtc_tz_off_s":3600,"bme_voc":0.975041,"bme_co2eq":794.5457,"bme_iaq":117.4281,"bme_static_iaq":79.45457,"bme_t":20.82529,"bme_rh":59.54755,"bme_p":1021.772,"bme_iaq_acc":1,"bme_gas_pct":50.35594,"bme_gas_raw":197150.6,"bme_addr":119,"bme_id":97,"bsec_ok":true,"bme280_ok":false,"crops":["","",""],"disp":["Ta 23.2 Ts 20.8","S1 -- S2 --","VB 12.17 PV --","11:17 07/10"]}