{"t_air_ds":23,"t_soil_ds":23.8125,"lux":0,"sens_suolo_anal1":0,"sens_suolo_anal2":0,"soil_raw_a1":435,"soil_raw_a2":446,"vbat":12.18172,"vbat_pct":45,"vbat_str":"? V (45%)","vpv":0.003856,"valve1":0,"valve2":0,"motion":0,"flow_lph":0,"flow_total":5.697777,"rain":0,"rtc_ok":1,"rtc_epoch":947461516,"age_s":1,"net":"AP Irriga-ESP32 192.168.4.1 | STA timtest 192.168.1.55","rtc_epoch_esp32":1759920776,"rtc_tz_off_s":3600,"bme_voc":1.668853,"bme_co2eq":1031.556,"bme_iaq":122.4008,"bme_static_iaq":103.1556,"bme_t":22.46395,"bme_rh":52.82302,"bme_p":1020.317,"bme_iaq_acc":3,"bme_gas_pct":43.02568,"bme_gas_raw":219742.5,"bme_addr":119,"bme_id":97,"bsec_ok":true,"bme280_ok":false,"crops":["","",""],"disp":["Ta 23.0 Ts 23.8","S1 -- S2 --","VB 12.18 PV --","12:52 08/10"]}