{"t_air_ds":23.125,"t_soil_ds":21.9375,"lux":0,"sens_suolo_anal1":0,"sens_suolo_anal2":0,"soil_raw_a1":434,"soil_raw_a2":444,"vbat":12.17835,"vbat_pct":45,"vbat_str":"? V (45%)","vpv":0.005784,"valve1":0,"valve2":0,"motion":0,"flow_lph":0,"flow_total":5.697777,"rain":0,"rtc_ok":1,"rtc_epoch":947420622,"age_s":0,"net":"AP Irriga-ESP32 192.168.4.1 | STA timtest 192.168.1.55","rtc_epoch_esp32":1759879882,"rtc_tz_off_s":3600,"bme_voc":0.516214,"bme_co2eq":514.0748,"bme_iaq":53.22205,"bme_static_iaq":51.40748,"bme_t":23.28957,"bme_rh":51.69251,"bme_p":1021.484,"bme_iaq_acc":1,"bme_gas_pct":2.148031,"bme_gas_raw":219178.1,"bme_addr":119,"bme_id":97,"bsec_ok":true,"bme280_ok":false,"crops":["","",""],"disp":["Ta 23.1 Ts 21.9","S1 -- S2 --","VB 12.18 PV --","01:31 08/10"]}