{"t_air_ds":22.8125,"t_soil_ds":23.5,"lux":0,"sens_suolo_anal1":0,"sens_suolo_anal2":0,"soil_raw_a1":435,"soil_raw_a2":446,"vbat":12.17835,"vbat_pct":45,"vbat_str":"? V (45%)","vpv":0.001928,"valve1":0,"valve2":0,"motion":0,"flow_lph":0,"flow_total":5.697777,"rain":0,"rtc_ok":1,"rtc_epoch":947459887,"age_s":0,"net":"AP Irriga-ESP32 192.168.4.1 | STA timtest 192.168.1.55","rtc_epoch_esp32":1759919147,"rtc_tz_off_s":3600,"bme_voc":1.547829,"bme_co2eq":998.354,"bme_iaq":116.5696,"bme_static_iaq":99.8354,"bme_t":22.18791,"bme_rh":53.25118,"bme_p":1020.487,"bme_iaq_acc":3,"bme_gas_pct":39.88089,"bme_gas_raw":223629.6,"bme_addr":119,"bme_id":97,"bsec_ok":true,"bme280_ok":false,"crops":["","",""],"disp":["Ta 22.8 Ts 23.5","S1 -- S2 --","VB 12.18 PV --","12:25 08/10"]}