{"t_air_ds":23.1875,"t_soil_ds":23.25,"lux":0,"sens_suolo_anal1":0,"sens_suolo_anal2":0,"soil_raw_a1":434,"soil_raw_a2":443,"vbat":12.17835,"vbat_pct":45,"vbat_str":"? V (45%)","vpv":0.001928,"valve1":0,"valve2":0,"motion":0,"flow_lph":0,"flow_total":0.008889,"rain":0,"rtc_ok":1,"rtc_epoch":947313777,"age_s":0,"net":"AP Irriga-ESP32 192.168.4.1 | STA timtest 192.168.1.55","rtc_epoch_esp32":1759773036,"rtc_tz_off_s":3600,"bme_voc":0.531503,"bme_co2eq":526.9467,"bme_iaq":56.16869,"bme_static_iaq":52.69466,"bme_t":23.02858,"bme_rh":54.85466,"bme_p":1019.867,"bme_iaq_acc":1,"bme_gas_pct":4.112459,"bme_gas_raw":172506.7,"bme_addr":119,"bme_id":97,"bsec_ok":true,"bme280_ok":false,"crops":["","",""],"disp":["Ta 23.2 Ts 23.3","S1 -- S2 --","VB 12.18 PV --","19:50 06/10"]}