{"t_air_ds":21.125,"t_soil_ds":22.6875,"lux":0,"sens_suolo_anal1":0,"sens_suolo_anal2":0,"soil_raw_a1":432,"soil_raw_a2":445,"vbat":12.17667,"vbat_pct":45,"vbat_str":"? V (45%)","vpv":0.001928,"valve1":0,"valve2":0,"motion":0,"flow_lph":0,"flow_total":5.697777,"rain":0,"rtc_ok":1,"rtc_epoch":947529272,"age_s":0,"net":"AP Irriga-ESP32 192.168.4.1 | STA timtest 192.168.1.55","rtc_epoch_esp32":1759988532,"rtc_tz_off_s":3600,"bme_voc":0.407399,"bme_co2eq":454.8362,"bme_iaq":41.24335,"bme_static_iaq":40.96723,"bme_t":19.98966,"bme_rh":52.78472,"bme_p":1019.035,"bme_iaq_acc":2,"bme_gas_pct":7.683121,"bme_gas_raw":258520.6,"bme_addr":119,"bme_id":97,"bsec_ok":true,"bme280_ok":false,"crops":["","",""],"disp":["Ta 21.1 Ts 22.7","S1 -- S2 --","VB 12.18 PV --","07:42 09/10"]}