{"t_air_ds":22.125,"t_soil_ds":23.3125,"lux":0,"sens_suolo_anal1":0,"sens_suolo_anal2":0,"soil_raw_a1":434,"soil_raw_a2":446,"vbat":12.18172,"vbat_pct":45,"vbat_str":"? V (45%)","vpv":0.007712,"valve1":0,"valve2":0,"motion":0,"flow_lph":0,"flow_total":5.697777,"rain":0,"rtc_ok":1,"rtc_epoch":947612445,"age_s":0,"net":"AP Irriga-ESP32 192.168.4.1 | STA timtest 192.168.1.55","rtc_epoch_esp32":1760071706,"rtc_tz_off_s":3600,"bme_voc":15.84877,"bme_co2eq":2024.274,"bme_iaq":182.3736,"bme_static_iaq":202.4274,"bme_t":21.59318,"bme_rh":65.54581,"bme_p":1024.526,"bme_iaq_acc":3,"bme_gas_pct":91.38603,"bme_gas_raw":129358.3,"bme_addr":119,"bme_id":97,"bsec_ok":true,"bme280_ok":false,"crops":["","",""],"disp":["Ta 22.1 Ts 23.3","S1 -- S2 --","VB 12.18 PV --","06:48 10/10"]}