{"t_air_ds":21.375,"t_soil_ds":21.875,"lux":0,"sens_suolo_anal1":0,"sens_suolo_anal2":0,"soil_raw_a1":432,"soil_raw_a2":444,"vbat":12.17835,"vbat_pct":45,"vbat_str":"? V (45%)","vpv":0.001928,"valve1":0,"valve2":0,"motion":0,"flow_lph":0,"flow_total":5.697777,"rain":0,"rtc_ok":1,"rtc_epoch":947449356,"age_s":0,"net":"AP Irriga-ESP32 192.168.4.1 | STA timtest 192.168.1.55","rtc_epoch_esp32":1759908616,"rtc_tz_off_s":3600,"bme_voc":0.669953,"bme_co2eq":629.0427,"bme_iaq":65.34115,"bme_static_iaq":62.90427,"bme_t":20.68225,"bme_rh":49.84098,"bme_p":1020.535,"bme_iaq_acc":3,"bme_gas_pct":9.494913,"bme_gas_raw":260891.7,"bme_addr":119,"bme_id":97,"bsec_ok":true,"bme280_ok":false,"crops":["","",""],"disp":["Ta 21.4 Ts 21.9","S1 -- S2 --","VB 12.18 PV --","09:30 08/10"]}