{"t_air_ds":22,"t_soil_ds":23.125,"lux":0,"sens_suolo_anal1":0,"sens_suolo_anal2":0,"soil_raw_a1":434,"soil_raw_a2":445,"vbat":12.17667,"vbat_pct":45,"vbat_str":"? V (45%)","vpv":0.007712,"valve1":0,"valve2":0,"motion":0,"flow_lph":0,"flow_total":5.697777,"rain":0,"rtc_ok":1,"rtc_epoch":947630407,"age_s":0,"net":"AP Irriga-ESP32 192.168.4.1 | STA timtest 192.168.1.55","rtc_epoch_esp32":1760089667,"rtc_tz_off_s":3600,"bme_voc":2.439031,"bme_co2eq":1198.907,"bme_iaq":108.7731,"bme_static_iaq":119.8907,"bme_t":21.47272,"bme_rh":66.73029,"bme_p":1026.817,"bme_iaq_acc":3,"bme_gas_pct":49.59728,"bme_gas_raw":178087,"bme_addr":119,"bme_id":97,"bsec_ok":true,"bme280_ok":false,"crops":["","",""],"disp":["Ta 22.0 Ts 23.1","S1 -- S2 --","VB 12.18 PV --","11:47 10/10"]}