{"t_air_ds":22.5,"t_soil_ds":23.6875,"lux":0,"sens_suolo_anal1":0,"sens_suolo_anal2":0,"soil_raw_a1":434,"soil_raw_a2":446,"vbat":12.1733,"vbat_pct":44,"vbat_str":"? V (44%)","vpv":0.003856,"valve1":0,"valve2":0,"motion":0,"flow_lph":0,"flow_total":5.697777,"rain":0,"rtc_ok":1,"rtc_epoch":947647722,"age_s":0,"net":"AP Irriga-ESP32 192.168.4.1 | STA timtest 192.168.1.55","rtc_epoch_esp32":1760106982,"rtc_tz_off_s":3600,"bme_voc":0.735616,"bme_co2eq":670.2783,"bme_iaq":65.3596,"bme_static_iaq":67.02782,"bme_t":22.19042,"bme_rh":70.4473,"bme_p":1025.926,"bme_iaq_acc":3,"bme_gas_pct":24.37482,"bme_gas_raw":152064.2,"bme_addr":119,"bme_id":97,"bsec_ok":true,"bme280_ok":false,"crops":["","",""],"disp":["Ta 22.5 Ts 23.7","S1 -- S2 --","VB 12.17 PV --","16:36 10/10"]}