{"t_air_ds":23.4375,"t_soil_ds":22.9375,"lux":0,"sens_suolo_anal1":0,"sens_suolo_anal2":0,"soil_raw_a1":436,"soil_raw_a2":444,"vbat":12.17667,"vbat_pct":45,"vbat_str":"? V (45%)","vpv":0.001928,"valve1":0,"valve2":0,"motion":0,"flow_lph":0,"flow_total":0,"rain":0,"rtc_ok":1,"rtc_epoch":947296725,"age_s":0,"net":"AP Irriga-ESP32 192.168.4.1 | STA timtest 192.168.1.55","rtc_epoch_esp32":1759755983,"rtc_tz_off_s":3600,"bme_voc":1.219961,"bme_co2eq":893.3758,"bme_iaq":107.02,"bme_static_iaq":89.33758,"bme_t":22.87551,"bme_rh":54.47019,"bme_p":1019.212,"bme_iaq_acc":3,"bme_gas_pct":40.22294,"bme_gas_raw":204718.1,"bme_addr":119,"bme_id":97,"bsec_ok":true,"bme280_ok":false,"crops":["","",""],"disp":["Ta 23.4 Ts 22.9","S1 -- S2 --","VB 12.18 PV --","15:06 06/10"]}