{"t_air_ds":22.25,"t_soil_ds":21.25,"lux":0,"sens_suolo_anal1":0,"sens_suolo_anal2":0,"soil_raw_a1":433,"soil_raw_a2":442,"vbat":12.18509,"vbat_pct":45,"vbat_str":"? V (45%)","vpv":0.001928,"valve1":0,"valve2":0,"motion":0,"flow_lph":0,"flow_total":5.697777,"rain":0,"rtc_ok":1,"rtc_epoch":947439564,"age_s":0,"net":"AP Irriga-ESP32 192.168.4.1 | STA timtest 192.168.1.55","rtc_epoch_esp32":1759898823,"rtc_tz_off_s":3600,"bme_voc":0.516068,"bme_co2eq":513.9493,"bme_iaq":53.19332,"bme_static_iaq":51.39494,"bme_t":22.80022,"bme_rh":46.11745,"bme_p":1020.215,"bme_iaq_acc":1,"bme_gas_pct":2.128882,"bme_gas_raw":245152,"bme_addr":119,"bme_id":97,"bsec_ok":true,"bme280_ok":false,"crops":["","",""],"disp":["Ta 22.2 Ts 21.2","S1 -- S2 --","VB 12.19 PV --","06:47 08/10"]}