{"t_air_ds":21.8125,"t_soil_ds":23.1875,"lux":0,"sens_suolo_anal1":0,"sens_suolo_anal2":0,"soil_raw_a1":433,"soil_raw_a2":445,"vbat":12.1733,"vbat_pct":44,"vbat_str":"? V (44%)","vpv":0.003856,"valve1":0,"valve2":0,"motion":0,"flow_lph":0,"flow_total":5.697777,"rain":0,"rtc_ok":1,"rtc_epoch":947477197,"age_s":0,"net":"AP Irriga-ESP32 192.168.4.1 | STA timtest 192.168.1.55","rtc_epoch_esp32":1759936457,"rtc_tz_off_s":3600,"bme_voc":4.441537,"bme_co2eq":1463.255,"bme_iaq":199.9644,"bme_static_iaq":146.3255,"bme_t":21.45265,"bme_rh":60.34501,"bme_p":1019.431,"bme_iaq_acc":3,"bme_gas_pct":82.80135,"bme_gas_raw":184040.3,"bme_addr":119,"bme_id":97,"bsec_ok":true,"bme280_ok":false,"crops":["","",""],"disp":["Ta 21.8 Ts 23.2","S1 -- S2 --","VB 12.17 PV --","17:14 08/10"]}