{"t_air_ds":21.75,"t_soil_ds":23.125,"lux":0,"sens_suolo_anal1":0,"sens_suolo_anal2":0,"soil_raw_a1":434,"soil_raw_a2":445,"vbat":12.17499,"vbat_pct":44,"vbat_str":"? V (44%)","vpv":0.003856,"valve1":0,"valve2":0,"motion":0,"flow_lph":0,"flow_total":5.697777,"rain":0,"rtc_ok":1,"rtc_epoch":947474109,"age_s":0,"net":"AP Irriga-ESP32 192.168.4.1 | STA timtest 192.168.1.55","rtc_epoch_esp32":1759933368,"rtc_tz_off_s":3600,"bme_voc":3.111405,"bme_co2eq":1306.284,"bme_iaq":177.0367,"bme_static_iaq":130.6284,"bme_t":21.39493,"bme_rh":59.04044,"bme_p":1019.357,"bme_iaq_acc":3,"bme_gas_pct":69.04028,"bme_gas_raw":196923.1,"bme_addr":119,"bme_id":97,"bsec_ok":true,"bme280_ok":false,"crops":["","",""],"disp":["Ta 21.8 Ts 23.1","S1 -- S2 --","VB 12.17 PV --","16:22 08/10"]}