{"t_air_ds":23.6875,"t_soil_ds":21.0625,"lux":0,"sens_suolo_anal1":0,"sens_suolo_anal2":0,"soil_raw_a1":434,"soil_raw_a2":444,"vbat":12.18004,"vbat_pct":45,"vbat_str":"? V (45%)","vpv":0.001928,"valve1":0,"valve2":0,"motion":0,"flow_lph":0,"flow_total":0.008889,"rain":0,"rtc_ok":1,"rtc_epoch":947318656,"age_s":0,"net":"AP Irriga-ESP32 192.168.4.1 | STA timtest 192.168.1.55","rtc_epoch_esp32":1759777915,"rtc_tz_off_s":3600,"bme_voc":0.556922,"bme_co2eq":547.5496,"bme_iaq":60.88517,"bme_static_iaq":54.75496,"bme_t":20.94574,"bme_rh":52.79509,"bme_p":1020.255,"bme_iaq_acc":1,"bme_gas_pct":7.273117,"bme_gas_raw":225998.7,"bme_addr":119,"bme_id":97,"bsec_ok":true,"bme280_ok":false,"crops":["","",""],"disp":["Ta 23.7 Ts 21.1","S1 -- S2 --","VB 12.18 PV --","21:11 06/10"]}