{"t_air_ds":21.875,"t_soil_ds":22.375,"lux":0,"sens_suolo_anal1":0,"sens_suolo_anal2":0,"soil_raw_a1":433,"soil_raw_a2":444,"vbat":12.17835,"vbat_pct":45,"vbat_str":"? V (45%)","vpv":0.003856,"valve1":0,"valve2":0,"motion":0,"flow_lph":0,"flow_total":5.697777,"rain":0,"rtc_ok":1,"rtc_epoch":947452200,"age_s":0,"net":"AP Irriga-ESP32 192.168.4.1 | STA timtest 192.168.1.55","rtc_epoch_esp32":1759911459,"rtc_tz_off_s":3600,"bme_voc":1.051614,"bme_co2eq":827.8876,"bme_iaq":90.3028,"bme_static_iaq":82.78876,"bme_t":21.13646,"bme_rh":52.18924,"bme_p":1020.7,"bme_iaq_acc":3,"bme_gas_pct":24.6217,"bme_gas_raw":240658,"bme_addr":119,"bme_id":97,"bsec_ok":true,"bme280_ok":false,"crops":["","",""],"disp":["Ta 21.9 Ts 22.4","S1 -- S2 --","VB 12.18 PV --","10:17 08/10"]}