{"t_air_ds":20.5625,"t_soil_ds":21.875,"lux":0,"sens_suolo_anal1":0,"sens_suolo_anal2":0,"soil_raw_a1":431,"soil_raw_a2":444,"vbat":12.16994,"vbat_pct":44,"vbat_str":"? V (44%)","vpv":0.003856,"valve1":0,"valve2":0,"motion":0,"flow_lph":0,"flow_total":5.697777,"rain":0,"rtc_ok":1,"rtc_epoch":947533158,"age_s":0,"net":"AP Irriga-ESP32 192.168.4.1 | STA timtest 192.168.1.55","rtc_epoch_esp32":1759992418,"rtc_tz_off_s":3600,"bme_voc":0.604698,"bme_co2eq":583.8475,"bme_iaq":57.12067,"bme_static_iaq":58.38475,"bme_t":19.56557,"bme_rh":53.74888,"bme_p":1019.651,"bme_iaq_acc":3,"bme_gas_pct":4.657893,"bme_gas_raw":269971,"bme_addr":119,"bme_id":97,"bsec_ok":true,"bme280_ok":false,"crops":["","",""],"disp":["Ta 20.6 Ts 21.9","S1 -- S2 --","VB 12.17 PV --","08:46 09/10"]}