{"t_air_ds":23.5625,"t_soil_ds":21.0625,"lux":0,"sens_suolo_anal1":0,"sens_suolo_anal2":0,"soil_raw_a1":434,"soil_raw_a2":444,"vbat":12.1733,"vbat_pct":44,"vbat_str":"? V (44%)","vpv":0.003856,"valve1":0,"valve2":0,"motion":0,"flow_lph":0,"flow_total":0.008889,"rain":0,"rtc_ok":1,"rtc_epoch":947320916,"age_s":0,"net":"AP Irriga-ESP32 192.168.4.1 | STA timtest 192.168.1.55","rtc_epoch_esp32":1759780175,"rtc_tz_off_s":3600,"bme_voc":1.163578,"bme_co2eq":872.5071,"bme_iaq":135.2752,"bme_static_iaq":87.25071,"bme_t":21.32969,"bme_rh":56.38371,"bme_p":1020.475,"bme_iaq_acc":1,"bme_gas_pct":57.31085,"bme_gas_raw":205210.4,"bme_addr":119,"bme_id":97,"bsec_ok":true,"bme280_ok":false,"crops":["","",""],"disp":["Ta 23.6 Ts 21.1","S1 -- S2 --","VB 12.17 PV --","21:49 06/10"]}