{"t_air_ds":23.6875,"t_soil_ds":20.875,"lux":0,"sens_suolo_anal1":0,"sens_suolo_anal2":0,"soil_raw_a1":434,"soil_raw_a2":444,"vbat":12.18172,"vbat_pct":45,"vbat_str":"? V (45%)","vpv":0.001928,"valve1":0,"valve2":0,"motion":0,"flow_lph":0,"flow_total":0.008889,"rain":0,"rtc_ok":1,"rtc_epoch":947319414,"age_s":0,"net":"AP Irriga-ESP32 192.168.4.1 | STA timtest 192.168.1.55","rtc_epoch_esp32":1759778673,"rtc_tz_off_s":3600,"bme_voc":0.531325,"bme_co2eq":526.799,"bme_iaq":56.1349,"bme_static_iaq":52.6799,"bme_t":20.78514,"bme_rh":51.73632,"bme_p":1020.334,"bme_iaq_acc":1,"bme_gas_pct":4.09331,"bme_gas_raw":233416.9,"bme_addr":119,"bme_id":97,"bsec_ok":true,"bme280_ok":false,"crops":["","",""],"disp":["Ta 23.7 Ts 20.9","S1 -- S2 --","VB 12.18 PV --","21:24 06/10"]}