{"t_air_ds":21.625,"t_soil_ds":22.125,"lux":0,"sens_suolo_anal1":0,"sens_suolo_anal2":0,"soil_raw_a1":433,"soil_raw_a2":444,"vbat":12.16994,"vbat_pct":44,"vbat_str":"? V (44%)","vpv":0.005784,"valve1":0,"valve2":0,"motion":0,"flow_lph":0,"flow_total":5.697777,"rain":0,"rtc_ok":1,"rtc_epoch":947450697,"age_s":0,"net":"AP Irriga-ESP32 192.168.4.1 | STA timtest 192.168.1.55","rtc_epoch_esp32":1759909956,"rtc_tz_off_s":3600,"bme_voc":0.940724,"bme_co2eq":778.7438,"bme_iaq":83.65433,"bme_static_iaq":77.87437,"bme_t":20.88301,"bme_rh":51.99136,"bme_p":1020.644,"bme_iaq_acc":3,"bme_gas_pct":20.6338,"bme_gas_raw":245504.7,"bme_addr":119,"bme_id":97,"bsec_ok":true,"bme280_ok":false,"crops":["","",""],"disp":["Ta 21.6 Ts 22.1","S1 -- S2 --","VB 12.17 PV --","09:52 08/10"]}