{"t_air_ds":22.9375,"t_soil_ds":22.0625,"lux":0,"sens_suolo_anal1":0,"sens_suolo_anal2":0,"soil_raw_a1":433,"soil_raw_a2":444,"vbat":12.18004,"vbat_pct":45,"vbat_str":"? V (45%)","vpv":0.001928,"valve1":0,"valve2":0,"motion":0,"flow_lph":0,"flow_total":5.697777,"rain":0,"rtc_ok":1,"rtc_epoch":947443888,"age_s":0,"net":"AP Irriga-ESP32 192.168.4.1 | STA timtest 192.168.1.55","rtc_epoch_esp32":1759903148,"rtc_tz_off_s":3600,"bme_voc":4.588028,"bme_co2eq":1477.566,"bme_iaq":195.0283,"bme_static_iaq":147.7566,"bme_t":23.18166,"bme_rh":48.58304,"bme_p":1020.342,"bme_iaq_acc":3,"bme_gas_pct":96.83526,"bme_gas_raw":177716.1,"bme_addr":119,"bme_id":97,"bsec_ok":true,"bme280_ok":false,"crops":["","",""],"disp":["Ta 22.9 Ts 22.1","S1 -- S2 --","VB 12.18 PV --","07:59 08/10"]}