{"t_air_ds":23.9375,"t_soil_ds":21.4375,"lux":0,"sens_suolo_anal1":0,"sens_suolo_anal2":0,"soil_raw_a1":435,"soil_raw_a2":445,"vbat":12.18004,"vbat_pct":45,"vbat_str":"? V (45%)","vpv":0,"valve1":0,"valve2":0,"motion":0,"flow_lph":0,"flow_total":0.008889,"rain":0,"rtc_ok":1,"rtc_epoch":947325885,"age_s":0,"net":"AP Irriga-ESP32 192.168.4.1 | STA timtest 192.168.1.55","rtc_epoch_esp32":1759785144,"rtc_tz_off_s":3600,"bme_voc":3.879557,"bme_co2eq":1403.594,"bme_iaq":190.6394,"bme_static_iaq":140.3594,"bme_t":22.10761,"bme_rh":59.0066,"bme_p":1020.73,"bme_iaq_acc":3,"bme_gas_pct":94.0547,"bme_gas_raw":169256.2,"bme_addr":119,"bme_id":97,"bsec_ok":true,"bme280_ok":false,"crops":["","",""],"disp":["Ta 23.9 Ts 21.4","S1 -- S2 --","VB 12.18 PV --","23:12 06/10"]}