{"t_air_ds":23.6875,"t_soil_ds":21.4375,"lux":0,"sens_suolo_anal1":0,"sens_suolo_anal2":0,"soil_raw_a1":434,"soil_raw_a2":444,"vbat":12.17667,"vbat_pct":45,"vbat_str":"? V (45%)","vpv":0.003856,"valve1":0,"valve2":0,"motion":0,"flow_lph":0,"flow_total":0.008889,"rain":0,"rtc_ok":1,"rtc_epoch":947316042,"age_s":0,"net":"AP Irriga-ESP32 192.168.4.1 | STA timtest 192.168.1.55","rtc_epoch_esp32":1759775302,"rtc_tz_off_s":3600,"bme_voc":0.516374,"bme_co2eq":514.2114,"bme_iaq":53.2533,"bme_static_iaq":51.42114,"bme_t":22.26822,"bme_rh":56.30318,"bme_p":1020.087,"bme_iaq_acc":1,"bme_gas_pct":2.168869,"bme_gas_raw":182857.1,"bme_addr":119,"bme_id":97,"bsec_ok":true,"bme280_ok":false,"crops":["","",""],"disp":["Ta 23.7 Ts 21.4","S1 -- S2 --","VB 12.18 PV --","20:28 06/10"]}