{"t_air_ds":21.875,"t_soil_ds":23.25,"lux":0,"sens_suolo_anal1":0,"sens_suolo_anal2":0,"soil_raw_a1":434,"soil_raw_a2":445,"vbat":12.1834,"vbat_pct":45,"vbat_str":"? V (45%)","vpv":0.003856,"valve1":0,"valve2":0,"motion":0,"flow_lph":0,"flow_total":5.697777,"rain":0,"rtc_ok":1,"rtc_epoch":947485749,"age_s":0,"net":"AP Irriga-ESP32 192.168.4.1 | STA timtest 192.168.1.55","rtc_epoch_esp32":1759945009,"rtc_tz_off_s":3600,"bme_voc":5.882921,"bme_co2eq":1587.206,"bme_iaq":199.149,"bme_static_iaq":158.7206,"bme_t":21.58063,"bme_rh":61.4248,"bme_p":1019.552,"bme_iaq_acc":2,"bme_gas_pct":97.5156,"bme_gas_raw":172332.5,"bme_addr":119,"bme_id":97,"bsec_ok":true,"bme280_ok":false,"crops":["","",""],"disp":["Ta 21.9 Ts 23.3","S1 -- S2 --","VB 12.18 PV --","19:36 08/10"]}