{"t_air_ds":22.4375,"t_soil_ds":23.6875,"lux":0,"sens_suolo_anal1":0,"sens_suolo_anal2":0,"soil_raw_a1":435,"soil_raw_a2":446,"vbat":12.1834,"vbat_pct":45,"vbat_str":"? V (45%)","vpv":0.005784,"valve1":0,"valve2":0,"motion":0,"flow_lph":0,"flow_total":5.697777,"rain":0,"rtc_ok":1,"rtc_epoch":947649039,"age_s":0,"net":"AP Irriga-ESP32 192.168.4.1 | STA timtest 192.168.1.55","rtc_epoch_esp32":1760108299,"rtc_tz_off_s":3600,"bme_voc":0.727054,"bme_co2eq":665.1154,"bme_iaq":65.12514,"bme_static_iaq":66.51154,"bme_t":22.16031,"bme_rh":70.60783,"bme_p":1026.039,"bme_iaq_acc":3,"bme_gas_pct":24.28097,"bme_gas_raw":151255.5,"bme_addr":119,"bme_id":97,"bsec_ok":true,"bme280_ok":false,"crops":["","",""],"disp":["Ta 22.4 Ts 23.7","S1 -- S2 --","VB 12.18 PV --","16:58 10/10"]}