{"t_air_ds":23.625,"t_soil_ds":21.1875,"lux":0,"sens_suolo_anal1":0,"sens_suolo_anal2":0,"soil_raw_a1":434,"soil_raw_a2":444,"vbat":12.1834,"vbat_pct":45,"vbat_str":"? V (45%)","vpv":0.003856,"valve1":0,"valve2":0,"motion":0,"flow_lph":0,"flow_total":0.008889,"rain":0,"rtc_ok":1,"rtc_epoch":947321579,"age_s":0,"net":"AP Irriga-ESP32 192.168.4.1 | STA timtest 192.168.1.55","rtc_epoch_esp32":1759780838,"rtc_tz_off_s":3600,"bme_voc":1.413458,"bme_co2eq":958.3031,"bme_iaq":154.9159,"bme_static_iaq":95.83031,"bme_t":21.48025,"bme_rh":57.07275,"bme_p":1020.513,"bme_iaq_acc":1,"bme_gas_pct":70.89233,"bme_gas_raw":198526.6,"bme_addr":119,"bme_id":97,"bsec_ok":true,"bme280_ok":false,"crops":["","",""],"disp":["Ta 23.6 Ts 21.2","S1 -- S2 --","VB 12.18 PV --","22:00 06/10"]}