{"t_air_ds":21.6875,"t_soil_ds":23.0625,"lux":0,"sens_suolo_anal1":0,"sens_suolo_anal2":0,"soil_raw_a1":434,"soil_raw_a2":445,"vbat":12.1834,"vbat_pct":45,"vbat_str":"? V (45%)","vpv":0.005784,"valve1":0,"valve2":0,"motion":0,"flow_lph":0,"flow_total":5.697777,"rain":0,"rtc_ok":1,"rtc_epoch":947470856,"age_s":0,"net":"AP Irriga-ESP32 192.168.4.1 | STA timtest 192.168.1.55","rtc_epoch_esp32":1759930116,"rtc_tz_off_s":3600,"bme_voc":2.234312,"bme_co2eq":1160.244,"bme_iaq":150.1711,"bme_static_iaq":116.0244,"bme_t":21.35227,"bme_rh":56.60024,"bme_p":1019.548,"bme_iaq_acc":3,"bme_gas_pct":56.3325,"bme_gas_raw":206952.3,"bme_addr":119,"bme_id":97,"bsec_ok":true,"bme280_ok":false,"crops":["","",""],"disp":["Ta 21.7 Ts 23.1","S1 -- S2 --","VB 12.18 PV --","15:28 08/10"]}