{"t_air_ds":22.375,"t_soil_ds":21.3125,"lux":0,"sens_suolo_anal1":0,"sens_suolo_anal2":0,"soil_raw_a1":433,"soil_raw_a2":443,"vbat":12.17162,"vbat_pct":44,"vbat_str":"? V (44%)","vpv":0.003856,"valve1":0,"valve2":0,"motion":0,"flow_lph":0,"flow_total":5.697777,"rain":0,"rtc_ok":1,"rtc_epoch":947436228,"age_s":0,"net":"AP Irriga-ESP32 192.168.4.1 | STA timtest 192.168.1.55","rtc_epoch_esp32":1759895488,"rtc_tz_off_s":3600,"bme_voc":0.517897,"bme_co2eq":515.5104,"bme_iaq":53.55067,"bme_static_iaq":51.55104,"bme_t":22.86296,"bme_rh":46.55587,"bme_p":1020.289,"bme_iaq_acc":1,"bme_gas_pct":2.367114,"bme_gas_raw":242194.9,"bme_addr":119,"bme_id":97,"bsec_ok":true,"bme280_ok":false,"crops":["","",""],"disp":["Ta 22.4 Ts 21.3","S1 -- S2 --","VB 12.17 PV --","05:51 08/10"]}