{"t_air_ds":22.8125,"t_soil_ds":22.3125,"lux":0,"sens_suolo_anal1":0,"sens_suolo_anal2":0,"soil_raw_a1":435,"soil_raw_a2":442,"vbat":12.17499,"vbat_pct":44,"vbat_str":"? V (44%)","vpv":0.003856,"valve1":0,"valve2":0,"motion":0,"flow_lph":0,"flow_total":0,"rain":0,"rtc_ok":1,"rtc_epoch":947288824,"age_s":0,"net":"AP Irriga-ESP32 192.168.4.1 | STA timtest 192.168.1.55","rtc_epoch_esp32":1759748083,"rtc_tz_off_s":3600,"bme_voc":0.755984,"bme_co2eq":682.3234,"bme_iaq":91.73792,"bme_static_iaq":68.23234,"bme_t":22.35605,"bme_rh":52.15813,"bme_p":1019.691,"bme_iaq_acc":1,"bme_gas_pct":30.7094,"bme_gas_raw":224807.9,"bme_addr":119,"bme_id":97,"bsec_ok":true,"bme280_ok":false,"crops":["","",""],"disp":["Ta 22.8 Ts 22.3","S1 -- S2 --","VB 12.17 PV --","12:54 06/10"]}