{"t_air_ds":21.375,"t_soil_ds":23.125,"lux":0,"sens_suolo_anal1":0,"sens_suolo_anal2":0,"soil_raw_a1":434,"soil_raw_a2":445,"vbat":12.1733,"vbat_pct":44,"vbat_str":"? V (44%)","vpv":0.001928,"valve1":0,"valve2":0,"motion":0,"flow_lph":0,"flow_total":5.697777,"rain":0,"rtc_ok":1,"rtc_epoch":947571362,"age_s":0,"net":"AP Irriga-ESP32 192.168.4.1 | STA timtest 192.168.1.55","rtc_epoch_esp32":1760030623,"rtc_tz_off_s":3600,"bme_voc":2.508369,"bme_co2eq":1211.27,"bme_iaq":144.036,"bme_static_iaq":121.127,"bme_t":21.50534,"bme_rh":61.31716,"bme_p":1021.035,"bme_iaq_acc":3,"bme_gas_pct":50.49536,"bme_gas_raw":197378.6,"bme_addr":119,"bme_id":97,"bsec_ok":true,"bme280_ok":false,"crops":["","",""],"disp":["Ta 21.4 Ts 23.1","S1 -- S2 --","VB 12.17 PV --","19:23 09/10"]}