{"t_air_ds":23.1875,"t_soil_ds":23.875,"lux":0,"sens_suolo_anal1":0,"sens_suolo_anal2":0,"soil_raw_a1":435,"soil_raw_a2":446,"vbat":12.1733,"vbat_pct":44,"vbat_str":"? V (44%)","vpv":0.005784,"valve1":0,"valve2":0,"motion":0,"flow_lph":0,"flow_total":5.697777,"rain":0,"rtc_ok":1,"rtc_epoch":947462614,"age_s":0,"net":"AP Irriga-ESP32 192.168.4.1 | STA timtest 192.168.1.55","rtc_epoch_esp32":1759921874,"rtc_tz_off_s":3600,"bme_voc":1.773822,"bme_co2eq":1058.458,"bme_iaq":127.0127,"bme_static_iaq":105.8458,"bme_t":22.52418,"bme_rh":53.4324,"bme_p":1020.065,"bme_iaq_acc":3,"bme_gas_pct":45.47994,"bme_gas_raw":216811.3,"bme_addr":119,"bme_id":97,"bsec_ok":true,"bme280_ok":false,"crops":["","",""],"disp":["Ta 23.2 Ts 23.9","S1 -- S2 --","VB 12.17 PV --","13:11 08/10"]}