{"t_air_ds":20.5625,"t_soil_ds":21.6875,"lux":0,"sens_suolo_anal1":0,"sens_suolo_anal2":0,"soil_raw_a1":431,"soil_raw_a2":443,"vbat":12.1733,"vbat_pct":44,"vbat_str":"? V (44%)","vpv":0.003856,"valve1":0,"valve2":0,"motion":0,"flow_lph":0,"flow_total":5.697777,"rain":0,"rtc_ok":1,"rtc_epoch":947535298,"age_s":0,"net":"AP Irriga-ESP32 192.168.4.1 | STA timtest 192.168.1.55","rtc_epoch_esp32":1759994558,"rtc_tz_off_s":3600,"bme_voc":0.638429,"bme_co2eq":607.7865,"bme_iaq":59.38558,"bme_static_iaq":60.77865,"bme_t":19.76382,"bme_rh":54.00774,"bme_p":1019.764,"bme_iaq_acc":3,"bme_gas_pct":6.065302,"bme_gas_raw":265974,"bme_addr":119,"bme_id":97,"bsec_ok":true,"bme280_ok":false,"crops":["","",""],"disp":["Ta 20.6 Ts 21.7","S1 -- S2 --","VB 12.17 PV --","09:22 09/10"]}