{"t_air_ds":21.5625,"t_soil_ds":22.875,"lux":0,"sens_suolo_anal1":0,"sens_suolo_anal2":0,"soil_raw_a1":433,"soil_raw_a2":445,"vbat":12.18509,"vbat_pct":45,"vbat_str":"? V (45%)","vpv":0,"valve1":0,"valve2":0,"motion":0,"flow_lph":0,"flow_total":5.697777,"rain":0,"rtc_ok":1,"rtc_epoch":947621655,"age_s":0,"net":"AP Irriga-ESP32 192.168.4.1 | STA timtest 192.168.1.55","rtc_epoch_esp32":1760080916,"rtc_tz_off_s":3600,"bme_voc":0.587811,"bme_co2eq":571.3558,"bme_iaq":55.4252,"bme_static_iaq":57.13558,"bme_t":20.9332,"bme_rh":59.71302,"bme_p":1025.876,"bme_iaq_acc":3,"bme_gas_pct":22.72631,"bme_gas_raw":223045.1,"bme_addr":119,"bme_id":97,"bsec_ok":true,"bme280_ok":false,"crops":["","",""],"disp":["Ta 21.6 Ts 22.9","S1 -- S2 --","VB 12.19 PV --","09:21 10/10"]}