{"t_air_ds":21.0625,"t_soil_ds":22.125,"lux":0,"sens_suolo_anal1":0,"sens_suolo_anal2":0,"soil_raw_a1":432,"soil_raw_a2":444,"vbat":12.17835,"vbat_pct":45,"vbat_str":"? V (45%)","vpv":0,"valve1":0,"valve2":0,"motion":0,"flow_lph":0,"flow_total":5.697777,"rain":0,"rtc_ok":1,"rtc_epoch":947542793,"age_s":0,"net":"AP Irriga-ESP32 192.168.4.1 | STA timtest 192.168.1.55","rtc_epoch_esp32":1760002053,"rtc_tz_off_s":3600,"bme_voc":1.660857,"bme_co2eq":1029.438,"bme_iaq":100.2826,"bme_static_iaq":102.9437,"bme_t":20.63207,"bme_rh":58.00089,"bme_p":1020.361,"bme_iaq_acc":3,"bme_gas_pct":30.19921,"bme_gas_raw":228418.5,"bme_addr":119,"bme_id":97,"bsec_ok":true,"bme280_ok":false,"crops":["","",""],"disp":["Ta 21.1 Ts 22.1","S1 -- S2 --","VB 12.18 PV --","11:27 09/10"]}