{"t_air_ds":21.1875,"t_soil_ds":22.25,"lux":0,"sens_suolo_anal1":0,"sens_suolo_anal2":0,"soil_raw_a1":432,"soil_raw_a2":444,"vbat":12.18172,"vbat_pct":45,"vbat_str":"? V (45%)","vpv":0.007712,"valve1":0,"valve2":0,"motion":0,"flow_lph":0,"flow_total":5.697777,"rain":0,"rtc_ok":1,"rtc_epoch":947544282,"age_s":0,"net":"AP Irriga-ESP32 192.168.4.1 | STA timtest 192.168.1.55","rtc_epoch_esp32":1760003542,"rtc_tz_off_s":3600,"bme_voc":2.262173,"bme_co2eq":1165.709,"bme_iaq":114.3142,"bme_static_iaq":116.5709,"bme_t":20.73244,"bme_rh":59.26878,"bme_p":1020.455,"bme_iaq_acc":3,"bme_gas_pct":38.02575,"bme_gas_raw":216811.3,"bme_addr":119,"bme_id":97,"bsec_ok":true,"bme280_ok":false,"crops":["","",""],"disp":["Ta 21.2 Ts 22.2","S1 -- S2 --","VB 12.18 PV --","11:52 09/10"]}