{"t_air_ds":22.0625,"t_soil_ds":23.5,"lux":0,"sens_suolo_anal1":0,"sens_suolo_anal2":0,"soil_raw_a1":434,"soil_raw_a2":445,"vbat":12.1733,"vbat_pct":44,"vbat_str":"? V (44%)","vpv":0.001928,"valve1":0,"valve2":0,"motion":0,"flow_lph":0,"flow_total":5.697777,"rain":0,"rtc_ok":1,"rtc_epoch":947499359,"age_s":1,"net":"AP Irriga-ESP32 192.168.4.1 | STA timtest 192.168.1.55","rtc_epoch_esp32":1759958620,"rtc_tz_off_s":3600,"bme_voc":6.217262,"bme_co2eq":1611.583,"bme_iaq":198.0526,"bme_static_iaq":161.1584,"bme_t":21.74876,"bme_rh":63.67789,"bme_p":1020.371,"bme_iaq_acc":3,"bme_gas_pct":98.99848,"bme_gas_raw":161565.2,"bme_addr":119,"bme_id":97,"bsec_ok":true,"bme280_ok":false,"crops":["","",""],"disp":["Ta 22.1 Ts 23.5","S1 -- S2 --","VB 12.17 PV --","23:23 08/10"]}