{"t_air_ds":21.75,"t_soil_ds":23.5625,"lux":0,"sens_suolo_anal1":0,"sens_suolo_anal2":0,"soil_raw_a1":435,"soil_raw_a2":446,"vbat":12.17499,"vbat_pct":44,"vbat_str":"? V (44%)","vpv":0,"valve1":0,"valve2":0,"motion":0,"flow_lph":0,"flow_total":5.697777,"rain":0,"rtc_ok":1,"rtc_epoch":947463540,"age_s":0,"net":"AP Irriga-ESP32 192.168.4.1 | STA timtest 192.168.1.55","rtc_epoch_esp32":1759922800,"rtc_tz_off_s":3600,"bme_voc":2.217641,"bme_co2eq":1156.941,"bme_iaq":141.5523,"bme_static_iaq":115.6941,"bme_t":21.75629,"bme_rh":55.2082,"bme_p":1019.937,"bme_iaq_acc":3,"bme_gas_pct":53.09837,"bme_gas_raw":210266.9,"bme_addr":119,"bme_id":97,"bsec_ok":true,"bme280_ok":false,"crops":["","",""],"disp":["Ta 21.8 Ts 23.6","S1 -- S2 --","VB 12.17 PV --","13:26 08/10"]}