{"t_air_ds":23.125,"t_soil_ds":22,"lux":0,"sens_suolo_anal1":0,"sens_suolo_anal2":0,"soil_raw_a1":434,"soil_raw_a2":444,"vbat":12.1733,"vbat_pct":44,"vbat_str":"? V (44%)","vpv":0.001928,"valve1":0,"valve2":0,"motion":0,"flow_lph":0,"flow_total":5.697777,"rain":0,"rtc_ok":1,"rtc_epoch":947419995,"age_s":0,"net":"AP Irriga-ESP32 192.168.4.1 | STA timtest 192.168.1.55","rtc_epoch_esp32":1759879253,"rtc_tz_off_s":3600,"bme_voc":0.508949,"bme_co2eq":507.8235,"bme_iaq":51.79096,"bme_static_iaq":50.78234,"bme_t":23.30714,"bme_rh":52.10565,"bme_p":1021.389,"bme_iaq_acc":1,"bme_gas_pct":1.193976,"bme_gas_raw":217779.7,"bme_addr":119,"bme_id":97,"bsec_ok":true,"bme280_ok":false,"crops":["","",""],"disp":["Ta 23.1 Ts 22.0","S1 -- S2 --","VB 12.17 PV --","01:20 08/10"]}