{"t_air_ds":22.875,"t_soil_ds":23.6875,"lux":0,"sens_suolo_anal1":0,"sens_suolo_anal2":0,"soil_raw_a1":435,"soil_raw_a2":446,"vbat":12.17835,"vbat_pct":45,"vbat_str":"? V (45%)","vpv":0.003856,"valve1":0,"valve2":0,"motion":0,"flow_lph":0,"flow_total":5.697777,"rain":0,"rtc_ok":1,"rtc_epoch":947460910,"age_s":0,"net":"AP Irriga-ESP32 192.168.4.1 | STA timtest 192.168.1.55","rtc_epoch_esp32":1759920170,"rtc_tz_off_s":3600,"bme_voc":1.551044,"bme_co2eq":999.2692,"bme_iaq":117.5184,"bme_static_iaq":99.92692,"bme_t":22.43635,"bme_rh":52.75709,"bme_p":1020.428,"bme_iaq_acc":3,"bme_gas_pct":40.39946,"bme_gas_raw":222029.5,"bme_addr":119,"bme_id":97,"bsec_ok":true,"bme280_ok":false,"crops":["","",""],"disp":["Ta 22.9 Ts 23.7","S1 -- S2 --","VB 12.18 PV --","12:42 08/10"]}