{"t_air_ds":23.75,"t_soil_ds":22.875,"lux":0,"sens_suolo_anal1":0,"sens_suolo_anal2":0,"soil_raw_a1":434,"soil_raw_a2":445,"vbat":12.17835,"vbat_pct":45,"vbat_str":"? V (45%)","vpv":0.001928,"valve1":0,"valve2":0,"motion":0,"flow_lph":0,"flow_total":5.697777,"rain":0,"rtc_ok":1,"rtc_epoch":947411098,"age_s":0,"net":"AP Irriga-ESP32 192.168.4.1 | STA timtest 192.168.1.55","rtc_epoch_esp32":1759870358,"rtc_tz_off_s":3600,"bme_voc":0.503063,"bme_co2eq":502.6939,"bme_iaq":50.6167,"bme_static_iaq":50.26939,"bme_t":23.60075,"bme_rh":57.92406,"bme_p":1021.815,"bme_iaq_acc":1,"bme_gas_pct":0.411133,"bme_gas_raw":175342.5,"bme_addr":119,"bme_id":97,"bsec_ok":true,"bme280_ok":false,"crops":["","",""],"disp":["Ta 23.7 Ts 22.9","S1 -- S2 --","VB 12.18 PV --","22:52 07/10"]}