{"t_air_ds":21.6875,"t_soil_ds":23.125,"lux":0,"sens_suolo_anal1":0,"sens_suolo_anal2":0,"soil_raw_a1":434,"soil_raw_a2":445,"vbat":12.18004,"vbat_pct":45,"vbat_str":"? V (45%)","vpv":0.001928,"valve1":0,"valve2":0,"motion":0,"flow_lph":0,"flow_total":5.697777,"rain":0,"rtc_ok":1,"rtc_epoch":947564133,"age_s":0,"net":"AP Irriga-ESP32 192.168.4.1 | STA timtest 192.168.1.55","rtc_epoch_esp32":1760023393,"rtc_tz_off_s":3600,"bme_voc":1.440237,"bme_co2eq":966.5804,"bme_iaq":106.7282,"bme_static_iaq":96.65804,"bme_t":21.92693,"bme_rh":57.26688,"bme_p":1020.178,"bme_iaq_acc":3,"bme_gas_pct":34.79148,"bme_gas_raw":217502.1,"bme_addr":119,"bme_id":97,"bsec_ok":true,"bme280_ok":false,"crops":["","",""],"disp":["Ta 21.7 Ts 23.1","S1 -- S2 --","VB 12.18 PV --","17:23 09/10"]}