{"t_air_ds":23.4375,"t_soil_ds":22.1875,"lux":0,"sens_suolo_anal1":0,"sens_suolo_anal2":0,"soil_raw_a1":434,"soil_raw_a2":444,"vbat":12.17835,"vbat_pct":45,"vbat_str":"? V (45%)","vpv":0.001928,"valve1":0,"valve2":0,"motion":0,"flow_lph":0,"flow_total":5.697777,"rain":0,"rtc_ok":1,"rtc_epoch":947416573,"age_s":0,"net":"AP Irriga-ESP32 192.168.4.1 | STA timtest 192.168.1.55","rtc_epoch_esp32":1759875831,"rtc_tz_off_s":3600,"bme_voc":0.501739,"bme_co2eq":501.5315,"bme_iaq":50.35059,"bme_static_iaq":50.15315,"bme_t":23.48782,"bme_rh":55.21869,"bme_p":1021.683,"bme_iaq_acc":1,"bme_gas_pct":0.233726,"bme_gas_raw":202651.9,"bme_addr":119,"bme_id":97,"bsec_ok":true,"bme280_ok":false,"crops":["","",""],"disp":["Ta 23.4 Ts 22.2","S1 -- S2 --","VB 12.18 PV --","00:23 08/10"]}