{"t_air_ds":22.0625,"t_soil_ds":23.3125,"lux":0,"sens_suolo_anal1":0,"sens_suolo_anal2":0,"soil_raw_a1":434,"soil_raw_a2":446,"vbat":12.17667,"vbat_pct":45,"vbat_str":"? V (45%)","vpv":0.001928,"valve1":0,"valve2":0,"motion":0,"flow_lph":0,"flow_total":5.697777,"rain":0,"rtc_ok":1,"rtc_epoch":947609082,"age_s":0,"net":"AP Irriga-ESP32 192.168.4.1 | STA timtest 192.168.1.55","rtc_epoch_esp32":1760068342,"rtc_tz_off_s":3600,"bme_voc":5.831752,"bme_co2eq":1583.353,"bme_iaq":182.0031,"bme_static_iaq":158.3353,"bme_t":21.53546,"bme_rh":65.79292,"bme_p":1024.247,"bme_iaq_acc":3,"bme_gas_pct":86.61021,"bme_gas_raw":150058.6,"bme_addr":119,"bme_id":97,"bsec_ok":true,"bme280_ok":false,"crops":["","",""],"disp":["Ta 22.1 Ts 23.3","S1 -- S2 --","VB 12.18 PV --","05:52 10/10"]}