{"t_air_ds":22.1875,"t_soil_ds":22.75,"lux":0,"sens_suolo_anal1":0,"sens_suolo_anal2":0,"soil_raw_a1":433,"soil_raw_a2":445,"vbat":12.18004,"vbat_pct":45,"vbat_str":"? V (45%)","vpv":0.001928,"valve1":0,"valve2":0,"motion":0,"flow_lph":0,"flow_total":5.697777,"rain":0,"rtc_ok":1,"rtc_epoch":947454461,"age_s":0,"net":"AP Irriga-ESP32 192.168.4.1 | STA timtest 192.168.1.55","rtc_epoch_esp32":1759913721,"rtc_tz_off_s":3600,"bme_voc":1.198069,"bme_co2eq":885.39,"bme_iaq":98.63049,"bme_static_iaq":88.53899,"bme_t":21.4677,"bme_rh":52.98354,"bme_p":1020.79,"bme_iaq_acc":3,"bme_gas_pct":29.52672,"bme_gas_raw":235510.6,"bme_addr":119,"bme_id":97,"bsec_ok":true,"bme280_ok":false,"crops":["","",""],"disp":["Ta 22.2 Ts 22.8","S1 -- S2 --","VB 12.18 PV --","10:55 08/10"]}