{"t_air_ds":23.0625,"t_soil_ds":21.9375,"lux":0,"sens_suolo_anal1":0,"sens_suolo_anal2":0,"soil_raw_a1":433,"soil_raw_a2":444,"vbat":12.17835,"vbat_pct":45,"vbat_str":"? V (45%)","vpv":0.001928,"valve1":0,"valve2":0,"motion":0,"flow_lph":0,"flow_total":5.697777,"rain":0,"rtc_ok":1,"rtc_epoch":947421228,"age_s":0,"net":"AP Irriga-ESP32 192.168.4.1 | STA timtest 192.168.1.55","rtc_epoch_esp32":1759880488,"rtc_tz_off_s":3600,"bme_voc":0.504915,"bme_co2eq":504.314,"bme_iaq":50.98756,"bme_static_iaq":50.4314,"bme_t":23.272,"bme_rh":51.30996,"bme_p":1021.411,"bme_iaq_acc":1,"bme_gas_pct":0.658376,"bme_gas_raw":222318.7,"bme_addr":119,"bme_id":97,"bsec_ok":true,"bme280_ok":false,"crops":["","",""],"disp":["Ta 23.1 Ts 21.9","S1 -- S2 --","VB 12.18 PV --","01:41 08/10"]}