{"t_air_ds":22.375,"t_soil_ds":21.3125,"lux":0,"sens_suolo_anal1":0,"sens_suolo_anal2":0,"soil_raw_a1":433,"soil_raw_a2":443,"vbat":12.1834,"vbat_pct":45,"vbat_str":"? V (45%)","vpv":0.003856,"valve1":0,"valve2":0,"motion":0,"flow_lph":0,"flow_total":5.697777,"rain":0,"rtc_ok":1,"rtc_epoch":947435421,"age_s":0,"net":"AP Irriga-ESP32 192.168.4.1 | STA timtest 192.168.1.55","rtc_epoch_esp32":1759894680,"rtc_tz_off_s":3600,"bme_voc":0.522415,"bme_co2eq":519.3409,"bme_iaq":54.42757,"bme_static_iaq":51.93409,"bme_t":22.89056,"bme_rh":46.6932,"bme_p":1020.197,"bme_iaq_acc":1,"bme_gas_pct":2.951712,"bme_gas_raw":242366.9,"bme_addr":119,"bme_id":97,"bsec_ok":true,"bme280_ok":false,"crops":["","",""],"disp":["Ta 22.4 Ts 21.3","S1 -- S2 --","VB 12.18 PV --","05:38 08/10"]}