{"t_air_ds":23.3125,"t_soil_ds":21.8125,"lux":0,"sens_suolo_anal1":0,"sens_suolo_anal2":0,"soil_raw_a1":434,"soil_raw_a2":444,"vbat":12.17667,"vbat_pct":45,"vbat_str":"? V (45%)","vpv":0,"valve1":0,"valve2":0,"motion":0,"flow_lph":0,"flow_total":0.008889,"rain":0,"rtc_ok":1,"rtc_epoch":947314240,"age_s":0,"net":"AP Irriga-ESP32 192.168.4.1 | STA timtest 192.168.1.55","rtc_epoch_esp32":1759773499,"rtc_tz_off_s":3600,"bme_voc":0.548822,"bme_co2eq":541.0879,"bme_iaq":59.40594,"bme_static_iaq":54.10879,"bme_t":22.47148,"bme_rh":56.45259,"bme_p":1019.944,"bme_iaq_acc":1,"bme_gas_pct":6.281891,"bme_gas_raw":174624.8,"bme_addr":119,"bme_id":97,"bsec_ok":true,"bme280_ok":false,"crops":["","",""],"disp":["Ta 23.3 Ts 21.8","S1 -- S2 --","VB 12.18 PV --","19:58 06/10"]}