{"t_air_ds":22.25,"t_soil_ds":21.1875,"lux":0,"sens_suolo_anal1":0,"sens_suolo_anal2":0,"soil_raw_a1":433,"soil_raw_a2":443,"vbat":12.1733,"vbat_pct":44,"vbat_str":"? V (44%)","vpv":0.001928,"valve1":0,"valve2":0,"motion":0,"flow_lph":0,"flow_total":5.697777,"rain":0,"rtc_ok":1,"rtc_epoch":947439229,"age_s":0,"net":"AP Irriga-ESP32 192.168.4.1 | STA timtest 192.168.1.55","rtc_epoch_esp32":1759898489,"rtc_tz_off_s":3600,"bme_voc":0.504949,"bme_co2eq":504.3435,"bme_iaq":50.99432,"bme_static_iaq":50.43435,"bme_t":22.7952,"bme_rh":46.1314,"bme_p":1020.259,"bme_iaq_acc":1,"bme_gas_pct":0.662882,"bme_gas_raw":245681.4,"bme_addr":119,"bme_id":97,"bsec_ok":true,"bme280_ok":false,"crops":["","",""],"disp":["Ta 22.2 Ts 21.2","S1 -- S2 --","VB 12.17 PV --","06:41 08/10"]}