{"t_air_ds":24.1875,"t_soil_ds":28.5625,"lux":0.833333,"sens_suolo_anal1":0,"sens_suolo_anal2":0,"soil_raw_a1":433,"soil_raw_a2":444,"vbat":12.18004,"vbat_pct":45,"vbat_str":"? V (45%)","vpv":0.001928,"valve1":0,"valve2":0,"motion":0,"flow_lph":0,"flow_total":0.664444,"rain":0,"rtc_ok":1,"rtc_epoch":947406023,"age_s":0,"net":"AP Irriga-ESP32 192.168.4.1 | STA timtest 192.168.1.55","rtc_epoch_esp32":1759865282,"rtc_tz_off_s":3600,"bme_voc":0.501223,"bme_co2eq":501.0776,"bme_iaq":50.24668,"bme_static_iaq":50.10776,"bme_t":22.85292,"bme_rh":59.02855,"bme_p":1021.743,"bme_iaq_acc":1,"bme_gas_pct":0.164453,"bme_gas_raw":176795.6,"bme_addr":119,"bme_id":97,"bsec_ok":true,"bme280_ok":false,"crops":["","",""],"disp":["Ta 24.2 Ts 28.6","S1 -- S2 --","VB 12.18 PV --","21:28 07/10"]}