{"t_air_ds":21.625,"t_soil_ds":23.125,"lux":0,"sens_suolo_anal1":0,"sens_suolo_anal2":0,"soil_raw_a1":434,"soil_raw_a2":445,"vbat":12.1834,"vbat_pct":45,"vbat_str":"? V (45%)","vpv":0.001928,"valve1":0,"valve2":0,"motion":0,"flow_lph":0,"flow_total":5.697777,"rain":0,"rtc_ok":1,"rtc_epoch":947471955,"age_s":0,"net":"AP Irriga-ESP32 192.168.4.1 | STA timtest 192.168.1.55","rtc_epoch_esp32":1759931215,"rtc_tz_off_s":3600,"bme_voc":2.485782,"bme_co2eq":1207.281,"bme_iaq":158.6901,"bme_static_iaq":120.7281,"bme_t":21.31212,"bme_rh":57.7256,"bme_p":1019.438,"bme_iaq_acc":3,"bme_gas_pct":60.39386,"bme_gas_raw":205210.4,"bme_addr":119,"bme_id":97,"bsec_ok":true,"bme280_ok":false,"crops":["","",""],"disp":["Ta 21.6 Ts 23.1","S1 -- S2 --","VB 12.18 PV --","15:46 08/10"]}