{"t_air_ds":20.8125,"t_soil_ds":22.4375,"lux":0,"sens_suolo_anal1":0,"sens_suolo_anal2":0,"soil_raw_a1":431,"soil_raw_a2":444,"vbat":12.17667,"vbat_pct":45,"vbat_str":"? V (45%)","vpv":0.005784,"valve1":0,"valve2":0,"motion":0,"flow_lph":0,"flow_total":5.697777,"rain":0,"rtc_ok":1,"rtc_epoch":947529900,"age_s":0,"net":"AP Irriga-ESP32 192.168.4.1 | STA timtest 192.168.1.55","rtc_epoch_esp32":1759989160,"rtc_tz_off_s":3600,"bme_voc":0.489854,"bme_co2eq":495.4794,"bme_iaq":49.24453,"bme_static_iaq":49.09587,"bme_t":19.62831,"bme_rh":52.37925,"bme_p":1019.197,"bme_iaq_acc":2,"bme_gas_pct":0,"bme_gas_raw":275639.3,"bme_addr":119,"bme_id":97,"bsec_ok":true,"bme280_ok":false,"crops":["","",""],"disp":["Ta 20.8 Ts 22.4","S1 -- S2 --","VB 12.18 PV --","07:52 09/10"]}