{"t_air_ds":22.4375,"t_soil_ds":21.5625,"lux":0,"sens_suolo_anal1":0,"sens_suolo_anal2":0,"soil_raw_a1":433,"soil_raw_a2":443,"vbat":12.1733,"vbat_pct":44,"vbat_str":"? V (44%)","vpv":0.003856,"valve1":0,"valve2":0,"motion":0,"flow_lph":0,"flow_total":5.697777,"rain":0,"rtc_ok":1,"rtc_epoch":947440188,"age_s":0,"net":"AP Irriga-ESP32 192.168.4.1 | STA timtest 192.168.1.55","rtc_epoch_esp32":1759899448,"rtc_tz_off_s":3600,"bme_voc":0.662771,"bme_co2eq":624.2896,"bme_iaq":78.45267,"bme_static_iaq":62.42896,"bme_t":22.85292,"bme_rh":46.27236,"bme_p":1020.253,"bme_iaq_acc":1,"bme_gas_pct":19.03547,"bme_gas_raw":236489.6,"bme_addr":119,"bme_id":97,"bsec_ok":true,"bme280_ok":false,"crops":["","",""],"disp":["Ta 22.4 Ts 21.6","S1 -- S2 --","VB 12.17 PV --","06:57 08/10"]}