{"t_air_ds":22,"t_soil_ds":23.3125,"lux":0,"sens_suolo_anal1":0,"sens_suolo_anal2":0,"soil_raw_a1":434,"soil_raw_a2":446,"vbat":12.17499,"vbat_pct":44,"vbat_str":"? V (44%)","vpv":0.001928,"valve1":0,"valve2":0,"motion":0,"flow_lph":0,"flow_total":5.697777,"rain":0,"rtc_ok":1,"rtc_epoch":947610390,"age_s":0,"net":"AP Irriga-ESP32 192.168.4.1 | STA timtest 192.168.1.55","rtc_epoch_esp32":1760069651,"rtc_tz_off_s":3600,"bme_voc":5.693083,"bme_co2eq":1572.739,"bme_iaq":182.6331,"bme_static_iaq":157.2739,"bme_t":21.50534,"bme_rh":65.87969,"bme_p":1024.364,"bme_iaq_acc":3,"bme_gas_pct":86.87068,"bme_gas_raw":149926.8,"bme_addr":119,"bme_id":97,"bsec_ok":true,"bme280_ok":false,"crops":["","",""],"disp":["Ta 22.0 Ts 23.3","S1 -- S2 --","VB 12.17 PV --","06:14 10/10"]}