{"t_air_ds":22.1875,"t_soil_ds":23.5625,"lux":0,"sens_suolo_anal1":0,"sens_suolo_anal2":0,"soil_raw_a1":434,"soil_raw_a2":445,"vbat":12.18004,"vbat_pct":45,"vbat_str":"? V (45%)","vpv":0,"valve1":0,"valve2":0,"motion":0,"flow_lph":0,"flow_total":5.697777,"rain":0,"rtc_ok":1,"rtc_epoch":947587654,"age_s":0,"net":"AP Irriga-ESP32 192.168.4.1 | STA timtest 192.168.1.55","rtc_epoch_esp32":1760046915,"rtc_tz_off_s":3600,"bme_voc":8.544678,"bme_co2eq":1751.819,"bme_iaq":169.4242,"bme_static_iaq":175.1819,"bme_t":21.80146,"bme_rh":65.86343,"bme_p":1023.157,"bme_iaq_acc":3,"bme_gas_pct":81.11971,"bme_gas_raw":153985,"bme_addr":119,"bme_id":97,"bsec_ok":true,"bme280_ok":false,"crops":["","",""],"disp":["Ta 22.2 Ts 23.6","S1 -- S2 --","VB 12.18 PV --","23:55 09/10"]}