{"t_air_ds":22.1875,"t_soil_ds":23.5,"lux":0,"sens_suolo_anal1":0,"sens_suolo_anal2":0,"soil_raw_a1":435,"soil_raw_a2":445,"vbat":12.17667,"vbat_pct":45,"vbat_str":"? V (45%)","vpv":0.001928,"valve1":0,"valve2":0,"motion":0,"flow_lph":0,"flow_total":5.697777,"rain":0,"rtc_ok":1,"rtc_epoch":947593232,"age_s":0,"net":"AP Irriga-ESP32 192.168.4.1 | STA timtest 192.168.1.55","rtc_epoch_esp32":1760052493,"rtc_tz_off_s":3600,"bme_voc":7.588664,"bme_co2eq":1699.49,"bme_iaq":172.0528,"bme_static_iaq":169.9491,"bme_t":21.73872,"bme_rh":66.37315,"bme_p":1023.501,"bme_iaq_acc":3,"bme_gas_pct":82.38901,"bme_gas_raw":153846.2,"bme_addr":119,"bme_id":97,"bsec_ok":true,"bme280_ok":false,"crops":["","",""],"disp":["Ta 22.2 Ts 23.5","S1 -- S2 --","VB 12.18 PV --","01:28 10/10"]}