{"t_air_ds":22.4375,"t_soil_ds":21.3125,"lux":0,"sens_suolo_anal1":0,"sens_suolo_anal2":0,"soil_raw_a1":433,"soil_raw_a2":443,"vbat":12.17162,"vbat_pct":44,"vbat_str":"? V (44%)","vpv":0.001928,"valve1":0,"valve2":0,"motion":0,"flow_lph":0,"flow_total":5.697777,"rain":0,"rtc_ok":1,"rtc_epoch":947433565,"age_s":0,"net":"AP Irriga-ESP32 192.168.4.1 | STA timtest 192.168.1.55","rtc_epoch_esp32":1759892824,"rtc_tz_off_s":3600,"bme_voc":0.509341,"bme_co2eq":508.163,"bme_iaq":51.86869,"bme_static_iaq":50.8163,"bme_t":22.9257,"bme_rh":47.0816,"bme_p":1020.349,"bme_iaq_acc":1,"bme_gas_pct":1.24579,"bme_gas_raw":240488.5,"bme_addr":119,"bme_id":97,"bsec_ok":true,"bme280_ok":false,"crops":["","",""],"disp":["Ta 22.4 Ts 21.3","S1 -- S2 --","VB 12.17 PV --","05:07 08/10"]}