{"t_air_ds":21.75,"t_soil_ds":23.25,"lux":0,"sens_suolo_anal1":0,"sens_suolo_anal2":0,"soil_raw_a1":434,"soil_raw_a2":445,"vbat":12.18509,"vbat_pct":45,"vbat_str":"? V (45%)","vpv":0.001928,"valve1":0,"valve2":0,"motion":0,"flow_lph":0,"flow_total":5.697777,"rain":0,"rtc_ok":1,"rtc_epoch":947567593,"age_s":1,"net":"AP Irriga-ESP32 192.168.4.1 | STA timtest 192.168.1.55","rtc_epoch_esp32":1760026854,"rtc_tz_off_s":3600,"bme_voc":2.097208,"bme_co2eq":1132.316,"bme_iaq":130.0363,"bme_static_iaq":113.2316,"bme_t":21.8918,"bme_rh":59.66756,"bme_p":1020.501,"bme_iaq_acc":3,"bme_gas_pct":44.81393,"bme_gas_raw":204595.4,"bme_addr":119,"bme_id":97,"bsec_ok":true,"bme280_ok":false,"crops":["","",""],"disp":["Ta 21.8 Ts 23.3","S1 -- S2 --","VB 12.19 PV --","18:20 09/10"]}