{"t_air_ds":22.9375,"t_soil_ds":22.375,"lux":0,"sens_suolo_anal1":0,"sens_suolo_anal2":0,"soil_raw_a1":435,"soil_raw_a2":443,"vbat":12.19014,"vbat_pct":46,"vbat_str":"? V (46%)","vpv":0.001928,"valve1":0,"valve2":0,"motion":0,"flow_lph":0,"flow_total":0,"rain":0,"rtc_ok":1,"rtc_epoch":947290633,"age_s":0,"net":"AP Irriga-ESP32 192.168.4.1 | STA timtest 192.168.1.55","rtc_epoch_esp32":1759749892,"rtc_tz_off_s":3600,"bme_voc":1.742254,"bme_co2eq":1050.539,"bme_iaq":124.3728,"bme_static_iaq":105.0539,"bme_t":22.44639,"bme_rh":53.12101,"bme_p":1019.56,"bme_iaq_acc":3,"bme_gas_pct":51.21525,"bme_gas_raw":199804.9,"bme_addr":119,"bme_id":97,"bsec_ok":true,"bme280_ok":false,"crops":["","",""],"disp":["Ta 22.9 Ts 22.4","S1 -- S2 --","VB 12.19 PV --","13:24 06/10"]}