{"t_air_ds":22.1875,"t_soil_ds":23.5,"lux":0,"sens_suolo_anal1":0,"sens_suolo_anal2":0,"soil_raw_a1":435,"soil_raw_a2":445,"vbat":12.18509,"vbat_pct":45,"vbat_str":"? V (45%)","vpv":0.001928,"valve1":0,"valve2":0,"motion":0,"flow_lph":0,"flow_total":5.697777,"rain":0,"rtc_ok":1,"rtc_epoch":947589924,"age_s":0,"net":"AP Irriga-ESP32 192.168.4.1 | STA timtest 192.168.1.55","rtc_epoch_esp32":1760049185,"rtc_tz_off_s":3600,"bme_voc":7.903631,"bme_co2eq":1717.425,"bme_iaq":169.2078,"bme_static_iaq":171.7425,"bme_t":21.76884,"bme_rh":65.93806,"bme_p":1023.207,"bme_iaq_acc":3,"bme_gas_pct":81.00924,"bme_gas_raw":154963.7,"bme_addr":119,"bme_id":97,"bsec_ok":true,"bme280_ok":false,"crops":["","",""],"disp":["Ta 22.2 Ts 23.5","S1 -- S2 --","VB 12.19 PV --","00:33 10/10"]}