{"t_air_ds":22.1875,"t_soil_ds":23.5625,"lux":0,"sens_suolo_anal1":0,"sens_suolo_anal2":0,"soil_raw_a1":434,"soil_raw_a2":445,"vbat":12.17667,"vbat_pct":45,"vbat_str":"? V (45%)","vpv":0.003856,"valve1":0,"valve2":0,"motion":0,"flow_lph":0,"flow_total":5.697777,"rain":0,"rtc_ok":1,"rtc_epoch":947588932,"age_s":0,"net":"AP Irriga-ESP32 192.168.4.1 | STA timtest 192.168.1.55","rtc_epoch_esp32":1760048192,"rtc_tz_off_s":3600,"bme_voc":7.589046,"bme_co2eq":1699.513,"bme_iaq":166.1541,"bme_static_iaq":169.9513,"bme_t":21.79393,"bme_rh":65.70367,"bme_p":1023.287,"bme_iaq_acc":3,"bme_gas_pct":79.52667,"bme_gas_raw":156383.6,"bme_addr":119,"bme_id":97,"bsec_ok":true,"bme280_ok":false,"crops":["","",""],"disp":["Ta 22.2 Ts 23.6","S1 -- S2 --","VB 12.18 PV --","00:16 10/10"]}