{"t_air_ds":21.9375,"t_soil_ds":23.375,"lux":0,"sens_suolo_anal1":0,"sens_suolo_anal2":0,"soil_raw_a1":434,"soil_raw_a2":446,"vbat":12.1733,"vbat_pct":44,"vbat_str":"? V (44%)","vpv":0.001928,"valve1":0,"valve2":0,"motion":0,"flow_lph":0,"flow_total":5.697777,"rain":0,"rtc_ok":1,"rtc_epoch":947579967,"age_s":0,"net":"AP Irriga-ESP32 192.168.4.1 | STA timtest 192.168.1.55","rtc_epoch_esp32":1760039228,"rtc_tz_off_s":3600,"bme_voc":3.315727,"bme_co2eq":1334.334,"bme_iaq":122.7654,"bme_static_iaq":133.4334,"bme_t":21.18163,"bme_rh":62.97404,"bme_p":1022.163,"bme_iaq_acc":3,"bme_gas_pct":56.28388,"bme_gas_raw":185440.1,"bme_addr":119,"bme_id":97,"bsec_ok":true,"bme280_ok":false,"crops":["","",""],"disp":["Ta 21.9 Ts 23.4","S1 -- S2 --","VB 12.17 PV --","21:47 09/10"]}