{"t_air_ds":23.1875,"t_soil_ds":22.0625,"lux":0,"sens_suolo_anal1":0,"sens_suolo_anal2":0,"soil_raw_a1":434,"soil_raw_a2":444,"vbat":12.18004,"vbat_pct":45,"vbat_str":"? V (45%)","vpv":0,"valve1":0,"valve2":0,"motion":0,"flow_lph":0,"flow_total":5.697777,"rain":0,"rtc_ok":1,"rtc_epoch":947418615,"age_s":0,"net":"AP Irriga-ESP32 192.168.4.1 | STA timtest 192.168.1.55","rtc_epoch_esp32":1759877873,"rtc_tz_off_s":3600,"bme_voc":0.507855,"bme_co2eq":506.875,"bme_iaq":51.57385,"bme_static_iaq":50.6875,"bme_t":23.36234,"bme_rh":53.24892,"bme_p":1021.414,"bme_iaq_acc":1,"bme_gas_pct":1.049235,"bme_gas_raw":213555.8,"bme_addr":119,"bme_id":97,"bsec_ok":true,"bme280_ok":false,"crops":["","",""],"disp":["Ta 23.2 Ts 22.1","S1 -- S2 --","VB 12.18 PV --","00:57 08/10"]}