{"t_air_ds":21.25,"t_soil_ds":22.3125,"lux":0,"sens_suolo_anal1":0,"sens_suolo_anal2":0,"soil_raw_a1":432,"soil_raw_a2":444,"vbat":12.17667,"vbat_pct":45,"vbat_str":"? V (45%)","vpv":0.001928,"valve1":0,"valve2":0,"motion":0,"flow_lph":0,"flow_total":5.697777,"rain":0,"rtc_ok":1,"rtc_epoch":947545531,"age_s":0,"net":"AP Irriga-ESP32 192.168.4.1 | STA timtest 192.168.1.55","rtc_epoch_esp32":1760004791,"rtc_tz_off_s":3600,"bme_voc":2.393361,"bme_co2eq":1190.571,"bme_iaq":117.6765,"bme_static_iaq":119.0571,"bme_t":20.85039,"bme_rh":60.19109,"bme_p":1020.447,"bme_iaq_acc":3,"bme_gas_pct":39.85321,"bme_gas_raw":213022.7,"bme_addr":119,"bme_id":97,"bsec_ok":true,"bme280_ok":false,"crops":["","",""],"disp":["Ta 21.2 Ts 22.3","S1 -- S2 --","VB 12.18 PV --","12:13 09/10"]}