{"t_air_ds":22.75,"t_soil_ds":22.3125,"lux":0,"sens_suolo_anal1":0,"sens_suolo_anal2":0,"soil_raw_a1":435,"soil_raw_a2":442,"vbat":12.17667,"vbat_pct":45,"vbat_str":"? V (45%)","vpv":0.001928,"valve1":0,"valve2":0,"motion":0,"flow_lph":0,"flow_total":0,"rain":0,"rtc_ok":1,"rtc_epoch":947287783,"age_s":0,"net":"AP Irriga-ESP32 192.168.4.1 | STA timtest 192.168.1.55","rtc_epoch_esp32":1759747041,"rtc_tz_off_s":3600,"bme_voc":0.694114,"bme_co2eq":644.6674,"bme_iaq":83.11763,"bme_static_iaq":64.46674,"bme_t":22.28327,"bme_rh":52.1413,"bme_p":1019.694,"bme_iaq_acc":1,"bme_gas_pct":24.70179,"bme_gas_raw":227656.7,"bme_addr":119,"bme_id":97,"bsec_ok":true,"bme280_ok":false,"crops":["","",""],"disp":["Ta 22.8 Ts 22.3","S1 -- S2 --","VB 12.18 PV --","12:37 06/10"]}