{"t_air_ds":22.375,"t_soil_ds":20.6875,"lux":0,"sens_suolo_anal1":0,"sens_suolo_anal2":0,"soil_raw_a1":432,"soil_raw_a2":442,"vbat":12.18004,"vbat_pct":45,"vbat_str":"? V (45%)","vpv":0.001928,"valve1":0,"valve2":0,"motion":0,"flow_lph":0,"flow_total":0,"rain":0,"rtc_ok":1,"rtc_epoch":947362012,"age_s":0,"net":"AP Irriga-ESP32 192.168.4.1 | STA timtest 192.168.1.55","rtc_epoch_esp32":1759821271,"rtc_tz_off_s":3600,"bme_voc":0.897014,"bme_co2eq":757.7607,"bme_iaq":109.0072,"bme_static_iaq":75.77607,"bme_t":20.48903,"bme_rh":58.31874,"bme_p":1021.291,"bme_iaq_acc":1,"bme_gas_pct":40.71571,"bme_gas_raw":202772.3,"bme_addr":119,"bme_id":97,"bsec_ok":true,"bme280_ok":false,"crops":["","",""],"disp":["Ta 22.4 Ts 20.7","S1 -- S2 --","VB 12.18 PV --","09:14 07/10"]}