{"t_air_ds":22.0625,"t_soil_ds":23.4375,"lux":0,"sens_suolo_anal1":0,"sens_suolo_anal2":0,"soil_raw_a1":434,"soil_raw_a2":446,"vbat":12.17499,"vbat_pct":44,"vbat_str":"? V (44%)","vpv":0.003856,"valve1":0,"valve2":0,"motion":0,"flow_lph":0,"flow_total":5.697777,"rain":0,"rtc_ok":1,"rtc_epoch":947502570,"age_s":0,"net":"AP Irriga-ESP32 192.168.4.1 | STA timtest 192.168.1.55","rtc_epoch_esp32":1759961829,"rtc_tz_off_s":3600,"bme_voc":5.551252,"bme_co2eq":1561.613,"bme_iaq":193.8404,"bme_static_iaq":156.1613,"bme_t":21.67097,"bme_rh":63.51786,"bme_p":1020.016,"bme_iaq_acc":3,"bme_gas_pct":97.00672,"bme_gas_raw":162333.5,"bme_addr":119,"bme_id":97,"bsec_ok":true,"bme280_ok":false,"crops":["","",""],"disp":["Ta 22.1 Ts 23.4","S1 -- S2 --","VB 12.17 PV --","00:17 09/10"]}