{"t_air_ds":22.0625,"t_soil_ds":23.4375,"lux":0,"sens_suolo_anal1":0,"sens_suolo_anal2":0,"soil_raw_a1":434,"soil_raw_a2":445,"vbat":12.18004,"vbat_pct":45,"vbat_str":"? V (45%)","vpv":0,"valve1":0,"valve2":0,"motion":0,"flow_lph":0,"flow_total":5.697777,"rain":0,"rtc_ok":1,"rtc_epoch":947496725,"age_s":0,"net":"AP Irriga-ESP32 192.168.4.1 | STA timtest 192.168.1.55","rtc_epoch_esp32":1759955985,"rtc_tz_off_s":3600,"bme_voc":4.862676,"bme_co2eq":1503.207,"bme_iaq":189.0565,"bme_static_iaq":150.3207,"bme_t":21.79644,"bme_rh":62.53392,"bme_p":1020.186,"bme_iaq_acc":3,"bme_gas_pct":94.47926,"bme_gas_raw":169592.6,"bme_addr":119,"bme_id":97,"bsec_ok":true,"bme280_ok":false,"crops":["","",""],"disp":["Ta 22.1 Ts 23.4","S1 -- S2 --","VB 12.18 PV --","22:39 08/10"]}