{"t_air_ds":20.625,"t_soil_ds":22.0625,"lux":0,"sens_suolo_anal1":0,"sens_suolo_anal2":0,"soil_raw_a1":431,"soil_raw_a2":444,"vbat":12.17835,"vbat_pct":45,"vbat_str":"? V (45%)","vpv":0.001928,"valve1":0,"valve2":0,"motion":0,"flow_lph":0,"flow_total":5.697777,"rain":0,"rtc_ok":1,"rtc_epoch":947531522,"age_s":0,"net":"AP Irriga-ESP32 192.168.4.1 | STA timtest 192.168.1.55","rtc_epoch_esp32":1759990783,"rtc_tz_off_s":3600,"bme_voc":0.525766,"bme_co2eq":522.1603,"bme_iaq":51.84708,"bme_static_iaq":52.21603,"bme_t":19.50535,"bme_rh":53.11581,"bme_p":1019.447,"bme_iaq_acc":3,"bme_gas_pct":1.304226,"bme_gas_raw":275194.8,"bme_addr":119,"bme_id":97,"bsec_ok":true,"bme280_ok":false,"crops":["","",""],"disp":["Ta 20.6 Ts 22.1","S1 -- S2 --","VB 12.18 PV --","08:19 09/10"]}