{"t_air_ds":23.4375,"t_soil_ds":20.9375,"lux":0,"sens_suolo_anal1":0,"sens_suolo_anal2":0,"soil_raw_a1":433,"soil_raw_a2":444,"vbat":12.18172,"vbat_pct":45,"vbat_str":"? V (45%)","vpv":0.003856,"valve1":0,"valve2":0,"motion":0,"flow_lph":0,"flow_total":0,"rain":0,"rtc_ok":1,"rtc_epoch":947374958,"age_s":0,"net":"AP Irriga-ESP32 192.168.4.1 | STA timtest 192.168.1.55","rtc_epoch_esp32":1759834217,"rtc_tz_off_s":3600,"bme_voc":1.039106,"bme_co2eq":822.6105,"bme_iaq":120.4319,"bme_static_iaq":82.26105,"bme_t":21.01601,"bme_rh":60.10806,"bme_p":1021.331,"bme_iaq_acc":1,"bme_gas_pct":49.95335,"bme_gas_raw":192807.4,"bme_addr":119,"bme_id":97,"bsec_ok":true,"bme280_ok":false,"crops":["","",""],"disp":["Ta 23.4 Ts 20.9","S1 -- S2 --","VB 12.18 PV --","12:50 07/10"]}