{"t_air_ds":20.625,"t_soil_ds":21.6875,"lux":0,"sens_suolo_anal1":0,"sens_suolo_anal2":0,"soil_raw_a1":431,"soil_raw_a2":443,"vbat":12.18004,"vbat_pct":45,"vbat_str":"? V (45%)","vpv":0.003856,"valve1":0,"valve2":0,"motion":0,"flow_lph":0,"flow_total":5.697777,"rain":0,"rtc_ok":1,"rtc_epoch":947536708,"age_s":0,"net":"AP Irriga-ESP32 192.168.4.1 | STA timtest 192.168.1.55","rtc_epoch_esp32":1759995968,"rtc_tz_off_s":3600,"bme_voc":0.823003,"bme_co2eq":719.7837,"bme_iaq":69.45332,"bme_static_iaq":71.97837,"bme_t":19.98213,"bme_rh":54.9536,"bme_p":1019.83,"bme_iaq_acc":3,"bme_gas_pct":12.20671,"bme_gas_raw":255616.6,"bme_addr":119,"bme_id":97,"bsec_ok":true,"bme280_ok":false,"crops":["","",""],"disp":["Ta 20.6 Ts 21.7","S1 -- S2 --","VB 12.18 PV --","09:46 09/10"]}