{"t_air_ds":21.75,"t_soil_ds":23.0625,"lux":0,"sens_suolo_anal1":0,"sens_suolo_anal2":0,"soil_raw_a1":434,"soil_raw_a2":445,"vbat":12.17667,"vbat_pct":45,"vbat_str":"? V (45%)","vpv":0.001928,"valve1":0,"valve2":0,"motion":0,"flow_lph":0,"flow_total":5.697777,"rain":0,"rtc_ok":1,"rtc_epoch":947558840,"age_s":0,"net":"AP Irriga-ESP32 192.168.4.1 | STA timtest 192.168.1.55","rtc_epoch_esp32":1760018101,"rtc_tz_off_s":3600,"bme_voc":2.059316,"bme_co2eq":1124.275,"bme_iaq":121.4243,"bme_static_iaq":112.4275,"bme_t":21.92442,"bme_rh":57.27354,"bme_p":1019.912,"bme_iaq_acc":3,"bme_gas_pct":41.6188,"bme_gas_raw":211308.3,"bme_addr":119,"bme_id":97,"bsec_ok":true,"bme280_ok":false,"crops":["","",""],"disp":["Ta 21.8 Ts 23.1","S1 -- S2 --","VB 12.18 PV --","15:55 09/10"]}