{"t_air_ds":21.875,"t_soil_ds":23.3125,"lux":0,"sens_suolo_anal1":0,"sens_suolo_anal2":0,"soil_raw_a1":434,"soil_raw_a2":445,"vbat":12.17162,"vbat_pct":44,"vbat_str":"? V (44%)","vpv":0.001928,"valve1":0,"valve2":0,"motion":0,"flow_lph":0,"flow_total":5.697777,"rain":0,"rtc_ok":1,"rtc_epoch":947490312,"age_s":0,"net":"AP Irriga-ESP32 192.168.4.1 | STA timtest 192.168.1.55","rtc_epoch_esp32":1759949573,"rtc_tz_off_s":3600,"bme_voc":6.18328,"bme_co2eq":1609.166,"bme_iaq":198.8103,"bme_static_iaq":160.9166,"bme_t":21.73621,"bme_rh":63.14029,"bme_p":1019.889,"bme_iaq_acc":3,"bme_gas_pct":99.23978,"bme_gas_raw":167594.1,"bme_addr":119,"bme_id":97,"bsec_ok":true,"bme280_ok":false,"crops":["","",""],"disp":["Ta 21.9 Ts 23.3","S1 -- S2 --","VB 12.17 PV --","20:52 08/10"]}