{"t_air_ds":22.4375,"t_soil_ds":23.6875,"lux":0,"sens_suolo_anal1":0,"sens_suolo_anal2":0,"soil_raw_a1":434,"soil_raw_a2":446,"vbat":12.17667,"vbat_pct":45,"vbat_str":"? V (45%)","vpv":0,"valve1":0,"valve2":0,"motion":0,"flow_lph":0,"flow_total":5.697777,"rain":0,"rtc_ok":1,"rtc_epoch":947645146,"age_s":0,"net":"AP Irriga-ESP32 192.168.4.1 | STA timtest 192.168.1.55","rtc_epoch_esp32":1760104406,"rtc_tz_off_s":3600,"bme_voc":0.706774,"bme_co2eq":652.6385,"bme_iaq":63.36163,"bme_static_iaq":65.26385,"bme_t":22.35358,"bme_rh":69.6526,"bme_p":1026.11,"bme_iaq_acc":3,"bme_gas_pct":23.48254,"bme_gas_raw":155104.5,"bme_addr":119,"bme_id":97,"bsec_ok":true,"bme280_ok":false,"crops":["","",""],"disp":["Ta 22.4 Ts 23.7","S1 -- S2 --","VB 12.18 PV --","15:53 10/10"]}