{"t_air_ds":21.875,"t_soil_ds":23.4375,"lux":0,"sens_suolo_anal1":0,"sens_suolo_anal2":0,"soil_raw_a1":434,"soil_raw_a2":446,"vbat":12.17162,"vbat_pct":44,"vbat_str":"? V (44%)","vpv":0,"valve1":0,"valve2":0,"motion":0,"flow_lph":0,"flow_total":5.697777,"rain":0,"rtc_ok":1,"rtc_epoch":947579368,"age_s":0,"net":"AP Irriga-ESP32 192.168.4.1 | STA timtest 192.168.1.55","rtc_epoch_esp32":1760038628,"rtc_tz_off_s":3600,"bme_voc":3.818461,"bme_co2eq":1396.594,"bme_iaq":127.6579,"bme_static_iaq":139.6594,"bme_t":21.17159,"bme_rh":63.00926,"bme_p":1022.188,"bme_iaq_acc":3,"bme_gas_pct":58.93991,"bme_gas_raw":179209,"bme_addr":119,"bme_id":97,"bsec_ok":true,"bme280_ok":false,"crops":["","",""],"disp":["Ta 21.9 Ts 23.4","S1 -- S2 --","VB 12.17 PV --","21:37 09/10"]}