{"t_air_ds":21.875,"t_soil_ds":23.0625,"lux":0,"sens_suolo_anal1":0,"sens_suolo_anal2":0,"soil_raw_a1":433,"soil_raw_a2":445,"vbat":12.18845,"vbat_pct":45,"vbat_str":"? V (45%)","vpv":0,"valve1":0,"valve2":0,"motion":0,"flow_lph":0,"flow_total":5.697777,"rain":0,"rtc_ok":1,"rtc_epoch":947526185,"age_s":0,"net":"AP Irriga-ESP32 192.168.4.1 | STA timtest 192.168.1.55","rtc_epoch_esp32":1759985445,"rtc_tz_off_s":3600,"bme_voc":3.323922,"bme_co2eq":1335.423,"bme_iaq":186.7994,"bme_static_iaq":133.5423,"bme_t":21.21676,"bme_rh":63.81443,"bme_p":1019.007,"bme_iaq_acc":3,"bme_gas_pct":94.431,"bme_gas_raw":161871.6,"bme_addr":119,"bme_id":97,"bsec_ok":true,"bme280_ok":false,"crops":["","",""],"disp":["Ta 21.9 Ts 23.1","S1 -- S2 --","VB 12.19 PV --","06:50 09/10"]}