{"t_air_ds":23.6875,"t_soil_ds":22.75,"lux":0,"sens_suolo_anal1":0,"sens_suolo_anal2":0,"soil_raw_a1":434,"soil_raw_a2":445,"vbat":12.1834,"vbat_pct":45,"vbat_str":"? V (45%)","vpv":0.001928,"valve1":0,"valve2":0,"motion":0,"flow_lph":0,"flow_total":5.697777,"rain":0,"rtc_ok":1,"rtc_epoch":947413849,"age_s":0,"net":"AP Irriga-ESP32 192.168.4.1 | STA timtest 192.168.1.55","rtc_epoch_esp32":1759873109,"rtc_tz_off_s":3600,"bme_voc":0.511592,"bme_co2eq":510.1078,"bme_iaq":52.31389,"bme_static_iaq":51.01078,"bme_t":23.62333,"bme_rh":57.22778,"bme_p":1021.753,"bme_iaq_acc":1,"bme_gas_pct":1.542595,"bme_gas_raw":183053.3,"bme_addr":119,"bme_id":97,"bsec_ok":true,"bme280_ok":false,"crops":["","",""],"disp":["Ta 23.7 Ts 22.8","S1 -- S2 --","VB 12.18 PV --","23:38 07/10"]}