{"t_air_ds":21.875,"t_soil_ds":23.1875,"lux":0,"sens_suolo_anal1":0,"sens_suolo_anal2":0,"soil_raw_a1":434,"soil_raw_a2":445,"vbat":12.18004,"vbat_pct":45,"vbat_str":"? V (45%)","vpv":0.001928,"valve1":0,"valve2":0,"motion":0,"flow_lph":0,"flow_total":5.697777,"rain":0,"rtc_ok":1,"rtc_epoch":947479156,"age_s":1,"net":"AP Irriga-ESP32 192.168.4.1 | STA timtest 192.168.1.55","rtc_epoch_esp32":1759938417,"rtc_tz_off_s":3600,"bme_voc":4.408657,"bme_co2eq":1459.978,"bme_iaq":187.431,"bme_static_iaq":145.9978,"bme_t":21.57059,"bme_rh":60.26157,"bme_p":1019.347,"bme_iaq_acc":3,"bme_gas_pct":84.16923,"bme_gas_raw":182661.4,"bme_addr":119,"bme_id":97,"bsec_ok":true,"bme280_ok":false,"crops":["","",""],"disp":["Ta 21.9 Ts 23.2","S1 -- S2 --","VB 12.18 PV --","17:46 08/10"]}