{"t_air_ds":22.9375,"t_soil_ds":21.8125,"lux":0,"sens_suolo_anal1":0,"sens_suolo_anal2":0,"soil_raw_a1":433,"soil_raw_a2":443,"vbat":12.17499,"vbat_pct":44,"vbat_str":"? V (44%)","vpv":0,"valve1":0,"valve2":0,"motion":0,"flow_lph":0,"flow_total":5.697777,"rain":0,"rtc_ok":1,"rtc_epoch":947424708,"age_s":5618,"net":"AP Irriga-ESP32 192.168.4.1 | STA timtest 192.168.1.55","rtc_epoch_esp32":1759889586,"rtc_tz_off_s":3600,"bme_voc":0.51536,"bme_co2eq":513.3442,"bme_iaq":53.05478,"bme_static_iaq":51.33442,"bme_t":23.02357,"bme_rh":47.86832,"bme_p":1020.649,"bme_iaq_acc":1,"bme_gas_pct":2.036518,"bme_gas_raw":237476.8,"bme_addr":119,"bme_id":97,"bsec_ok":true,"bme280_ok":false,"crops":["","",""],"disp":["Ta 22.9 Ts 21.8","S1 -- S2 --","VB 12.17 PV --","02:39 08/10"]}