{"t_air_ds":23.9375,"t_soil_ds":21.3125,"lux":0,"sens_suolo_anal1":0,"sens_suolo_anal2":0,"soil_raw_a1":435,"soil_raw_a2":445,"vbat":12.18172,"vbat_pct":45,"vbat_str":"? V (45%)","vpv":0.003856,"valve1":0,"valve2":0,"motion":0,"flow_lph":0,"flow_total":0,"rain":0,"rtc_ok":1,"rtc_epoch":947392397,"age_s":0,"net":"AP Irriga-ESP32 192.168.4.1 | STA timtest 192.168.1.55","rtc_epoch_esp32":1759851656,"rtc_tz_off_s":3600,"bme_voc":1.037637,"bme_co2eq":821.9868,"bme_iaq":123.71,"bme_static_iaq":82.19868,"bme_t":21.98465,"bme_rh":61.50749,"bme_p":1020.659,"bme_iaq_acc":1,"bme_gas_pct":51.78004,"bme_gas_raw":190973.5,"bme_addr":119,"bme_id":97,"bsec_ok":true,"bme280_ok":false,"crops":["","",""],"disp":["Ta 23.9 Ts 21.3","S1 -- S2 --","VB 12.18 PV --","17:40 07/10"]}