{"t_air_ds":22,"t_soil_ds":23.375,"lux":0,"sens_suolo_anal1":0,"sens_suolo_anal2":0,"soil_raw_a1":434,"soil_raw_a2":446,"vbat":12.18509,"vbat_pct":45,"vbat_str":"? V (45%)","vpv":0.003856,"valve1":1,"valve2":1,"motion":0,"flow_lph":0,"flow_total":5.697777,"rain":0,"rtc_ok":1,"rtc_epoch":947577732,"age_s":0,"net":"AP Irriga-ESP32 192.168.4.1 | STA timtest 192.168.1.55","rtc_epoch_esp32":1760036992,"rtc_tz_off_s":3600,"bme_voc":6.012108,"bme_co2eq":1596.785,"bme_iaq":143.21,"bme_static_iaq":159.6785,"bme_t":21.23684,"bme_rh":64.3515,"bme_p":1021.982,"bme_iaq_acc":3,"bme_gas_pct":67.48563,"bme_gas_raw":170951.6,"bme_addr":119,"bme_id":97,"bsec_ok":true,"bme280_ok":false,"crops":["","",""],"disp":["Ta 22.0 Ts 23.4","S1 -- S2 --","VB 12.19 PV --","21:09 09/10"]}