{"t_air_ds":23.875,"t_soil_ds":21.375,"lux":0,"sens_suolo_anal1":0,"sens_suolo_anal2":0,"soil_raw_a1":434,"soil_raw_a2":445,"vbat":12.18172,"vbat_pct":45,"vbat_str":"? V (45%)","vpv":0.001928,"valve1":0,"valve2":0,"motion":0,"flow_lph":0,"flow_total":0.008889,"rain":0,"rtc_ok":1,"rtc_epoch":947324771,"age_s":0,"net":"AP Irriga-ESP32 192.168.4.1 | STA timtest 192.168.1.55","rtc_epoch_esp32":1759784031,"rtc_tz_off_s":3600,"bme_voc":2.643506,"bme_co2eq":1234.412,"bme_iaq":199.7795,"bme_static_iaq":123.4412,"bme_t":22.01727,"bme_rh":59.02182,"bme_p":1020.699,"bme_iaq_acc":1,"bme_gas_pct":99.85851,"bme_gas_raw":180154.8,"bme_addr":119,"bme_id":97,"bsec_ok":true,"bme280_ok":false,"crops":["","",""],"disp":["Ta 23.9 Ts 21.4","S1 -- S2 --","VB 12.18 PV --","22:53 06/10"]}