{"t_air_ds":21.4375,"t_soil_ds":22.625,"lux":0,"sens_suolo_anal1":0,"sens_suolo_anal2":0,"soil_raw_a1":433,"soil_raw_a2":445,"vbat":12.17835,"vbat_pct":45,"vbat_str":"? V (45%)","vpv":0,"valve1":0,"valve2":0,"motion":0,"flow_lph":0,"flow_total":5.697777,"rain":0,"rtc_ok":1,"rtc_epoch":947551020,"age_s":0,"net":"AP Irriga-ESP32 192.168.4.1 | STA timtest 192.168.1.55","rtc_epoch_esp32":1760010280,"rtc_tz_off_s":3600,"bme_voc":2.00333,"bme_co2eq":1112.119,"bme_iaq":113.9664,"bme_static_iaq":111.2119,"bme_t":21.28201,"bme_rh":59.04095,"bme_p":1019.952,"bme_iaq_acc":3,"bme_gas_pct":37.94273,"bme_gas_raw":213689.5,"bme_addr":119,"bme_id":97,"bsec_ok":true,"bme280_ok":false,"crops":["","",""],"disp":["Ta 21.4 Ts 22.6","S1 -- S2 --","VB 12.18 PV --","13:44 09/10"]}