{"t_air_ds":22,"t_soil_ds":23.375,"lux":0,"sens_suolo_anal1":0,"sens_suolo_anal2":0,"soil_raw_a1":434,"soil_raw_a2":446,"vbat":12.18509,"vbat_pct":45,"vbat_str":"? V (45%)","vpv":0.001928,"valve1":0,"valve2":0,"motion":0,"flow_lph":0,"flow_total":5.697777,"rain":0,"rtc_ok":1,"rtc_epoch":947504874,"age_s":0,"net":"AP Irriga-ESP32 192.168.4.1 | STA timtest 192.168.1.55","rtc_epoch_esp32":1759964134,"rtc_tz_off_s":3600,"bme_voc":5.543964,"bme_co2eq":1561.034,"bme_iaq":196.0985,"bme_static_iaq":156.1034,"bme_t":21.62329,"bme_rh":63.80737,"bme_p":1020.128,"bme_iaq_acc":3,"bme_gas_pct":98.0231,"bme_gas_raw":160955.7,"bme_addr":119,"bme_id":97,"bsec_ok":true,"bme280_ok":false,"crops":["","",""],"disp":["Ta 22.0 Ts 23.4","S1 -- S2 --","VB 12.19 PV --","00:55 09/10"]}