{"t_air_ds":22.8125,"t_soil_ds":22.125,"lux":0,"sens_suolo_anal1":0,"sens_suolo_anal2":0,"soil_raw_a1":433,"soil_raw_a2":444,"vbat":12.17835,"vbat_pct":45,"vbat_str":"? V (45%)","vpv":0.003856,"valve1":0,"valve2":0,"motion":0,"flow_lph":0,"flow_total":5.697777,"rain":0,"rtc_ok":1,"rtc_epoch":947442662,"age_s":0,"net":"AP Irriga-ESP32 192.168.4.1 | STA timtest 192.168.1.55","rtc_epoch_esp32":1759901921,"rtc_tz_off_s":3600,"bme_voc":4.847968,"bme_co2eq":1501.871,"bme_iaq":199.7892,"bme_static_iaq":150.1871,"bme_t":23.08881,"bme_rh":47.64181,"bme_p":1020.299,"bme_iaq_acc":2,"bme_gas_pct":99.86187,"bme_gas_raw":179775.3,"bme_addr":119,"bme_id":97,"bsec_ok":true,"bme280_ok":false,"crops":["","",""],"disp":["Ta 22.8 Ts 22.1","S1 -- S2 --","VB 12.18 PV --","07:38 08/10"]}