{"t_air_ds":22,"t_soil_ds":23.4375,"lux":0,"sens_suolo_anal1":0,"sens_suolo_anal2":0,"soil_raw_a1":434,"soil_raw_a2":445,"vbat":12.18004,"vbat_pct":45,"vbat_str":"? V (45%)","vpv":0.003856,"valve1":0,"valve2":0,"motion":0,"flow_lph":0,"flow_total":5.697777,"rain":0,"rtc_ok":1,"rtc_epoch":947578659,"age_s":0,"net":"AP Irriga-ESP32 192.168.4.1 | STA timtest 192.168.1.55","rtc_epoch_esp32":1760037920,"rtc_tz_off_s":3600,"bme_voc":4.603565,"bme_co2eq":1479.057,"bme_iaq":134.1012,"bme_static_iaq":147.9057,"bme_t":21.13144,"bme_rh":63.70614,"bme_p":1022.124,"bme_iaq_acc":3,"bme_gas_pct":62.46644,"bme_gas_raw":176066,"bme_addr":119,"bme_id":97,"bsec_ok":true,"bme280_ok":false,"crops":["","",""],"disp":["Ta 22.0 Ts 23.4","S1 -- S2 --","VB 12.18 PV --","21:25 09/10"]}