{"t_air_ds":23.6875,"t_soil_ds":22.75,"lux":0,"sens_suolo_anal1":0,"sens_suolo_anal2":0,"soil_raw_a1":434,"soil_raw_a2":444,"vbat":12.17162,"vbat_pct":44,"vbat_str":"? V (44%)","vpv":0.001928,"valve1":0,"valve2":0,"motion":0,"flow_lph":0,"flow_total":5.697777,"rain":0,"rtc_ok":1,"rtc_epoch":947412170,"age_s":0,"net":"AP Irriga-ESP32 192.168.4.1 | STA timtest 192.168.1.55","rtc_epoch_esp32":1759871430,"rtc_tz_off_s":3600,"bme_voc":0.517754,"bme_co2eq":515.3886,"bme_iaq":53.52279,"bme_static_iaq":51.53886,"bme_t":23.60075,"bme_rh":57.6913,"bme_p":1021.824,"bme_iaq_acc":1,"bme_gas_pct":2.348528,"bme_gas_raw":178833.4,"bme_addr":119,"bme_id":97,"bsec_ok":true,"bme280_ok":false,"crops":["","",""],"disp":["Ta 23.7 Ts 22.8","S1 -- S2 --","VB 12.17 PV --","23:10 07/10"]}