{"t_air_ds":21.9375,"t_soil_ds":23.3125,"lux":0,"sens_suolo_anal1":0,"sens_suolo_anal2":0,"soil_raw_a1":435,"soil_raw_a2":445,"vbat":12.18677,"vbat_pct":45,"vbat_str":"? V (45%)","vpv":0,"valve1":0,"valve2":0,"motion":0,"flow_lph":0,"flow_total":5.697777,"rain":0,"rtc_ok":1,"rtc_epoch":947575757,"age_s":0,"net":"AP Irriga-ESP32 192.168.4.1 | STA timtest 192.168.1.55","rtc_epoch_esp32":1760035017,"rtc_tz_off_s":3600,"bme_voc":17.82465,"bme_co2eq":2076.09,"bme_iaq":180.9195,"bme_static_iaq":207.609,"bme_t":21.83408,"bme_rh":66.03242,"bme_p":1021.693,"bme_iaq_acc":3,"bme_gas_pct":88.69266,"bme_gas_raw":147465.4,"bme_addr":119,"bme_id":97,"bsec_ok":true,"bme280_ok":false,"crops":["","",""],"disp":["Ta 21.9 Ts 23.3","S1 -- S2 --","VB 12.19 PV --","20:36 09/10"]}