{"t_air_ds":25.25,"t_soil_ds":23.25,"lux":0.833333,"sens_suolo_anal1":0,"sens_suolo_anal2":0,"soil_raw_a1":434,"soil_raw_a2":444,"vbat":12.18509,"vbat_pct":45,"vbat_str":"? V (45%)","vpv":0.007712,"valve1":0,"valve2":0,"motion":0,"flow_lph":0,"flow_total":0.664444,"rain":0,"rtc_ok":1,"rtc_epoch":947405360,"age_s":0,"net":"AP Irriga-ESP32 192.168.4.1 | STA timtest 192.168.1.55","rtc_epoch_esp32":1759864619,"rtc_tz_off_s":3600,"bme_voc":0.51039,"bme_co2eq":509.0708,"bme_iaq":52.0765,"bme_static_iaq":50.90708,"bme_t":22.97087,"bme_rh":58.91725,"bme_p":1021.805,"bme_iaq_acc":1,"bme_gas_pct":1.384336,"bme_gas_raw":173031.4,"bme_addr":119,"bme_id":97,"bsec_ok":true,"bme280_ok":false,"crops":["","",""],"disp":["Ta 25.3 Ts 23.3","S1 -- S2 --","VB 12.19 PV --","21:16 07/10"]}