{"t_air_ds":20.75,"t_soil_ds":21.75,"lux":0,"sens_suolo_anal1":0,"sens_suolo_anal2":0,"soil_raw_a1":431,"soil_raw_a2":443,"vbat":12.17499,"vbat_pct":44,"vbat_str":"? V (44%)","vpv":0.001928,"valve1":0,"valve2":0,"motion":0,"flow_lph":0,"flow_total":5.697777,"rain":0,"rtc_ok":1,"rtc_epoch":947537293,"age_s":1,"net":"AP Irriga-ESP32 192.168.4.1 | STA timtest 192.168.1.55","rtc_epoch_esp32":1759996554,"rtc_tz_off_s":3600,"bme_voc":0.751996,"bme_co2eq":679.9911,"bme_iaq":66.03947,"bme_static_iaq":67.99911,"bme_t":20.07247,"bme_rh":54.22144,"bme_p":1019.869,"bme_iaq_acc":3,"bme_gas_pct":10.14639,"bme_gas_raw":258912.8,"bme_addr":119,"bme_id":97,"bsec_ok":true,"bme280_ok":false,"crops":["","",""],"disp":["Ta 20.8 Ts 21.8","S1 -- S2 --","VB 12.17 PV --","09:55 09/10"]}