{"t_air_ds":22.625,"t_soil_ds":23.3125,"lux":0,"sens_suolo_anal1":0,"sens_suolo_anal2":0,"soil_raw_a1":435,"soil_raw_a2":445,"vbat":12.18677,"vbat_pct":45,"vbat_str":"? V (45%)","vpv":0.005784,"valve1":0,"valve2":0,"motion":0,"flow_lph":0,"flow_total":5.697777,"rain":0,"rtc_ok":1,"rtc_epoch":947458221,"age_s":0,"net":"AP Irriga-ESP32 192.168.4.1 | STA timtest 192.168.1.55","rtc_epoch_esp32":1759917481,"rtc_tz_off_s":3600,"bme_voc":1.49179,"bme_co2eq":982.0908,"bme_iaq":113.5326,"bme_static_iaq":98.20908,"bme_t":21.98716,"bme_rh":53.21643,"bme_p":1020.642,"bme_iaq_acc":3,"bme_gas_pct":37.9339,"bme_gas_raw":224956.1,"bme_addr":119,"bme_id":97,"bsec_ok":true,"bme280_ok":false,"crops":["","",""],"disp":["Ta 22.6 Ts 23.3","S1 -- S2 --","VB 12.19 PV --","11:58 08/10"]}