{"t_air_ds":21.3125,"t_soil_ds":22.4375,"lux":0,"sens_suolo_anal1":0,"sens_suolo_anal2":0,"soil_raw_a1":433,"soil_raw_a2":444,"vbat":12.18677,"vbat_pct":45,"vbat_str":"? V (45%)","vpv":0.001928,"valve1":0,"valve2":0,"motion":0,"flow_lph":0,"flow_total":5.697777,"rain":0,"rtc_ok":1,"rtc_epoch":947546995,"age_s":0,"net":"AP Irriga-ESP32 192.168.4.1 | STA timtest 192.168.1.55","rtc_epoch_esp32":1760006255,"rtc_tz_off_s":3600,"bme_voc":2.584906,"bme_co2eq":1224.526,"bme_iaq":122.2342,"bme_static_iaq":122.4526,"bme_t":20.95829,"bme_rh":60.83316,"bme_p":1020.524,"bme_iaq_acc":3,"bme_gas_pct":42.33496,"bme_gas_raw":209107.6,"bme_addr":119,"bme_id":97,"bsec_ok":true,"bme280_ok":false,"crops":["","",""],"disp":["Ta 21.3 Ts 22.4","S1 -- S2 --","VB 12.19 PV --","12:37 09/10"]}