{"t_air_ds":21.875,"t_soil_ds":23.125,"lux":0,"sens_suolo_anal1":0,"sens_suolo_anal2":0,"soil_raw_a1":433,"soil_raw_a2":445,"vbat":12.17835,"vbat_pct":45,"vbat_str":"? V (45%)","vpv":0.001928,"valve1":0,"valve2":0,"motion":0,"flow_lph":0,"flow_total":5.697777,"rain":0,"rtc_ok":1,"rtc_epoch":947522086,"age_s":0,"net":"AP Irriga-ESP32 192.168.4.1 | STA timtest 192.168.1.55","rtc_epoch_esp32":1759981346,"rtc_tz_off_s":3600,"bme_voc":2.561802,"bme_co2eq":1220.566,"bme_iaq":169.1277,"bme_static_iaq":122.0566,"bme_t":21.39493,"bme_rh":62.70245,"bme_p":1018.945,"bme_iaq_acc":3,"bme_gas_pct":87.13126,"bme_gas_raw":170099.7,"bme_addr":119,"bme_id":97,"bsec_ok":true,"bme280_ok":false,"crops":["","",""],"disp":["Ta 21.9 Ts 23.1","S1 -- S2 --","VB 12.18 PV --","05:42 09/10"]}