{"t_air_ds":21.8125,"t_soil_ds":23.0625,"lux":0,"sens_suolo_anal1":0,"sens_suolo_anal2":0,"soil_raw_a1":433,"soil_raw_a2":445,"vbat":12.1733,"vbat_pct":44,"vbat_str":"? V (44%)","vpv":0.001928,"valve1":0,"valve2":0,"motion":0,"flow_lph":0,"flow_total":5.697777,"rain":0,"rtc_ok":1,"rtc_epoch":947526836,"age_s":0,"net":"AP Irriga-ESP32 192.168.4.1 | STA timtest 192.168.1.55","rtc_epoch_esp32":1759986096,"rtc_tz_off_s":3600,"bme_voc":5.092589,"bme_co2eq":1523.581,"bme_iaq":197.9864,"bme_static_iaq":152.3581,"bme_t":21.39242,"bme_rh":63.58838,"bme_p":1019.012,"bme_iaq_acc":2,"bme_gas_pct":99.1292,"bme_gas_raw":152199.8,"bme_addr":119,"bme_id":97,"bsec_ok":true,"bme280_ok":false,"crops":["","",""],"disp":["Ta 21.8 Ts 23.1","S1 -- S2 --","VB 12.17 PV --","07:01 09/10"]}