{"t_air_ds":23.75,"t_soil_ds":21.25,"lux":0,"sens_suolo_anal1":0,"sens_suolo_anal2":0,"soil_raw_a1":434,"soil_raw_a2":444,"vbat":12.17667,"vbat_pct":45,"vbat_str":"? V (45%)","vpv":0.001928,"valve1":0,"valve2":0,"motion":0,"flow_lph":0,"flow_total":0.008889,"rain":0,"rtc_ok":1,"rtc_epoch":947322663,"age_s":0,"net":"AP Irriga-ESP32 192.168.4.1 | STA timtest 192.168.1.55","rtc_epoch_esp32":1759781922,"rtc_tz_off_s":3600,"bme_voc":1.696265,"bme_co2eq":1038.741,"bme_iaq":168.4589,"bme_static_iaq":103.8741,"bme_t":21.57059,"bme_rh":58.10955,"bme_p":1020.672,"bme_iaq_acc":1,"bme_gas_pct":79.17623,"bme_gas_raw":194455,"bme_addr":119,"bme_id":97,"bsec_ok":true,"bme280_ok":false,"crops":["","",""],"disp":["Ta 23.7 Ts 21.2","S1 -- S2 --","VB 12.18 PV --","22:18 06/10"]}