{"t_air_ds":22.9375,"t_soil_ds":29.875,"lux":5,"sens_suolo_anal1":0,"sens_suolo_anal2":0,"soil_raw_a1":435,"soil_raw_a2":443,"vbat":12.18004,"vbat_pct":45,"vbat_str":"? V (45%)","vpv":0,"valve1":0,"valve2":0,"motion":0,"flow_lph":0,"flow_total":0.002222,"rain":0,"rtc_ok":1,"rtc_epoch":947312775,"age_s":0,"net":"AP Irriga-ESP32 192.168.4.1 | STA timtest 192.168.1.55","rtc_epoch_esp32":1759772035,"rtc_tz_off_s":3600,"bme_voc":1.213953,"bme_co2eq":891.1985,"bme_iaq":116.2089,"bme_static_iaq":89.11985,"bme_t":23.52295,"bme_rh":53.48943,"bme_p":1019.963,"bme_iaq_acc":3,"bme_gas_pct":45.61166,"bme_gas_raw":200039.1,"bme_addr":119,"bme_id":97,"bsec_ok":true,"bme280_ok":false,"crops":["","",""],"disp":["Ta 22.9 Ts 29.9","S1 -- S2 --","VB 12.18 PV --","19:33 06/10"]}