{"t_air_ds":22.0625,"t_soil_ds":23.25,"lux":0,"sens_suolo_anal1":0,"sens_suolo_anal2":0,"soil_raw_a1":434,"soil_raw_a2":445,"vbat":12.18172,"vbat_pct":45,"vbat_str":"? V (45%)","vpv":0.007712,"valve1":0,"valve2":0,"motion":0,"flow_lph":0,"flow_total":5.697777,"rain":0,"rtc_ok":1,"rtc_epoch":947613057,"age_s":0,"net":"AP Irriga-ESP32 192.168.4.1 | STA timtest 192.168.1.55","rtc_epoch_esp32":1760072318,"rtc_tz_off_s":3600,"bme_voc":12.42251,"bme_co2eq":1916.85,"bme_iaq":173.9208,"bme_static_iaq":191.685,"bme_t":21.71614,"bme_rh":65.09177,"bme_p":1024.552,"bme_iaq_acc":3,"bme_gas_pct":87.57189,"bme_gas_raw":133298.6,"bme_addr":119,"bme_id":97,"bsec_ok":true,"bme280_ok":false,"crops":["","",""],"disp":["Ta 22.1 Ts 23.3","S1 -- S2 --","VB 12.18 PV --","06:58 10/10"]}