{"t_air_ds":22.3125,"t_soil_ds":23.8125,"lux":0,"sens_suolo_anal1":0,"sens_suolo_anal2":0,"soil_raw_a1":435,"soil_raw_a2":446,"vbat":12.17835,"vbat_pct":45,"vbat_str":"? V (45%)","vpv":0.003856,"valve1":0,"valve2":0,"motion":0,"flow_lph":0,"flow_total":5.697777,"rain":0,"rtc_ok":1,"rtc_epoch":947654642,"age_s":0,"net":"AP Irriga-ESP32 192.168.4.1 | STA timtest 192.168.1.55","rtc_epoch_esp32":1760113903,"rtc_tz_off_s":3600,"bme_voc":0.623233,"bme_co2eq":597.1621,"bme_iaq":59.36564,"bme_static_iaq":59.71621,"bme_t":22.58692,"bme_rh":69.23309,"bme_p":1026.315,"bme_iaq_acc":3,"bme_gas_pct":21.12945,"bme_gas_raw":159601,"bme_addr":119,"bme_id":97,"bsec_ok":true,"bme280_ok":false,"crops":["","",""],"disp":["Ta 22.3 Ts 23.8","S1 -- S2 --","VB 12.18 PV --","18:31 10/10"]}