{"t_air_ds":21.9375,"t_soil_ds":23.25,"lux":0,"sens_suolo_anal1":0,"sens_suolo_anal2":0,"soil_raw_a1":433,"soil_raw_a2":445,"vbat":12.17667,"vbat_pct":45,"vbat_str":"? V (45%)","vpv":0.001928,"valve1":0,"valve2":0,"motion":0,"flow_lph":0,"flow_total":5.697777,"rain":0,"rtc_ok":1,"rtc_epoch":947486359,"age_s":0,"net":"AP Irriga-ESP32 192.168.4.1 | STA timtest 192.168.1.55","rtc_epoch_esp32":1759945619,"rtc_tz_off_s":3600,"bme_voc":5.629746,"bme_co2eq":1567.805,"bme_iaq":195.6817,"bme_static_iaq":156.7805,"bme_t":21.55052,"bme_rh":61.47028,"bme_p":1019.659,"bme_iaq_acc":3,"bme_gas_pct":96.64989,"bme_gas_raw":173913,"bme_addr":119,"bme_id":97,"bsec_ok":true,"bme280_ok":false,"crops":["","",""],"disp":["Ta 21.9 Ts 23.3","S1 -- S2 --","VB 12.18 PV --","19:46 08/10"]}