{"t_air_ds":20.8125,"t_soil_ds":21.8125,"lux":0,"sens_suolo_anal1":0,"sens_suolo_anal2":0,"soil_raw_a1":432,"soil_raw_a2":444,"vbat":12.17835,"vbat_pct":45,"vbat_str":"? V (45%)","vpv":0.003856,"valve1":0,"valve2":0,"motion":0,"flow_lph":0,"flow_total":5.697777,"rain":0,"rtc_ok":1,"rtc_epoch":947539167,"age_s":0,"net":"AP Irriga-ESP32 192.168.4.1 | STA timtest 192.168.1.55","rtc_epoch_esp32":1759998427,"rtc_tz_off_s":3600,"bme_voc":1.146347,"bme_co2eq":865.9272,"bme_iaq":83.31635,"bme_static_iaq":86.59273,"bme_t":20.36607,"bme_rh":56.24978,"bme_p":1020.061,"bme_iaq_acc":3,"bme_gas_pct":20.4193,"bme_gas_raw":240997.9,"bme_addr":119,"bme_id":97,"bsec_ok":true,"bme280_ok":false,"crops":["","",""],"disp":["Ta 20.8 Ts 21.8","S1 -- S2 --","VB 12.18 PV --","10:27 09/10"]}