{"t_air_ds":23.9375,"t_soil_ds":21.3125,"lux":0,"sens_suolo_anal1":0,"sens_suolo_anal2":0,"soil_raw_a1":435,"soil_raw_a2":445,"vbat":12.1834,"vbat_pct":45,"vbat_str":"? V (45%)","vpv":0.001928,"valve1":0,"valve2":0,"motion":0,"flow_lph":0,"flow_total":0,"rain":0,"rtc_ok":1,"rtc_epoch":947391535,"age_s":0,"net":"AP Irriga-ESP32 192.168.4.1 | STA timtest 192.168.1.55","rtc_epoch_esp32":1759850794,"rtc_tz_off_s":3600,"bme_voc":0.871511,"bme_co2eq":745.0402,"bme_iaq":106.0952,"bme_static_iaq":74.50401,"bme_t":21.84914,"bme_rh":61.41371,"bme_p":1020.682,"bme_iaq_acc":1,"bme_gas_pct":41.64747,"bme_gas_raw":194676.8,"bme_addr":119,"bme_id":97,"bsec_ok":true,"bme280_ok":false,"crops":["","",""],"disp":["Ta 23.9 Ts 21.3","S1 -- S2 --","VB 12.18 PV --","17:26 07/10"]}