{"t_air_ds":21.125,"t_soil_ds":23.0625,"lux":0,"sens_suolo_anal1":0,"sens_suolo_anal2":0,"soil_raw_a1":434,"soil_raw_a2":445,"vbat":12.17667,"vbat_pct":45,"vbat_str":"? V (45%)","vpv":0,"valve1":0,"valve2":0,"motion":0,"flow_lph":0,"flow_total":5.697777,"rain":0,"rtc_ok":1,"rtc_epoch":947620178,"age_s":0,"net":"AP Irriga-ESP32 192.168.4.1 | STA timtest 192.168.1.55","rtc_epoch_esp32":1760079439,"rtc_tz_off_s":3600,"bme_voc":0.500699,"bme_co2eq":500.6163,"bme_iaq":50.05049,"bme_static_iaq":50.06163,"bme_t":21.29204,"bme_rh":58.58719,"bme_p":1025.724,"bme_iaq_acc":2,"bme_gas_pct":26.76052,"bme_gas_raw":216399,"bme_addr":119,"bme_id":97,"bsec_ok":true,"bme280_ok":false,"crops":["","",""],"disp":["Ta 21.1 Ts 23.1","S1 -- S2 --","VB 12.18 PV --","08:57 10/10"]}