{"t_air_ds":22.375,"t_soil_ds":23.75,"lux":0,"sens_suolo_anal1":0,"sens_suolo_anal2":0,"soil_raw_a1":435,"soil_raw_a2":446,"vbat":12.18509,"vbat_pct":45,"vbat_str":"? V (45%)","vpv":0.001928,"valve1":0,"valve2":0,"motion":0,"flow_lph":0,"flow_total":5.697777,"rain":0,"rtc_ok":1,"rtc_epoch":947652690,"age_s":0,"net":"AP Irriga-ESP32 192.168.4.1 | STA timtest 192.168.1.55","rtc_epoch_esp32":1760111951,"rtc_tz_off_s":3600,"bme_voc":0.683286,"bme_co2eq":637.7334,"bme_iaq":62.98291,"bme_static_iaq":63.77334,"bme_t":22.78266,"bme_rh":68.53612,"bme_p":1026.164,"bme_iaq_acc":3,"bme_gas_pct":22.59784,"bme_gas_raw":157393.2,"bme_addr":119,"bme_id":97,"bsec_ok":true,"bme280_ok":false,"crops":["","",""],"disp":["Ta 22.4 Ts 23.7","S1 -- S2 --","VB 12.19 PV --","17:59 10/10"]}