{"t_air_ds":22.1875,"t_soil_ds":23.5,"lux":0,"sens_suolo_anal1":0,"sens_suolo_anal2":0,"soil_raw_a1":435,"soil_raw_a2":445,"vbat":12.18172,"vbat_pct":45,"vbat_str":"? V (45%)","vpv":0.001928,"valve1":0,"valve2":0,"motion":0,"flow_lph":0,"flow_total":5.697777,"rain":0,"rtc_ok":1,"rtc_epoch":947590548,"age_s":0,"net":"AP Irriga-ESP32 192.168.4.1 | STA timtest 192.168.1.55","rtc_epoch_esp32":1760049809,"rtc_tz_off_s":3600,"bme_voc":7.972044,"bme_co2eq":1721.226,"bme_iaq":170.4432,"bme_static_iaq":172.1226,"bme_t":21.77637,"bme_rh":66.20504,"bme_p":1023.267,"bme_iaq_acc":3,"bme_gas_pct":81.59833,"bme_gas_raw":154124,"bme_addr":119,"bme_id":97,"bsec_ok":true,"bme280_ok":false,"crops":["","",""],"disp":["Ta 22.2 Ts 23.5","S1 -- S2 --","VB 12.18 PV --","00:43 10/10"]}