{"t_air_ds":22.75,"t_soil_ds":21.9375,"lux":0,"sens_suolo_anal1":0,"sens_suolo_anal2":0,"soil_raw_a1":433,"soil_raw_a2":443,"vbat":12.18004,"vbat_pct":45,"vbat_str":"? V (45%)","vpv":0.001928,"valve1":0,"valve2":0,"motion":0,"flow_lph":0,"flow_total":5.697777,"rain":0,"rtc_ok":1,"rtc_epoch":947441703,"age_s":0,"net":"AP Irriga-ESP32 192.168.4.1 | STA timtest 192.168.1.55","rtc_epoch_esp32":1759900963,"rtc_tz_off_s":3600,"bme_voc":1.774966,"bme_co2eq":1058.742,"bme_iaq":177.9086,"bme_static_iaq":105.8742,"bme_t":23.00349,"bme_rh":47.03749,"bme_p":1020.339,"bme_iaq_acc":1,"bme_gas_pct":86.19437,"bme_gas_raw":206826.9,"bme_addr":119,"bme_id":97,"bsec_ok":true,"bme280_ok":false,"crops":["","",""],"disp":["Ta 22.8 Ts 21.9","S1 -- S2 --","VB 12.18 PV --","07:22 08/10"]}