{"t_air_ds":21.375,"t_soil_ds":22.4375,"lux":0,"sens_suolo_anal1":0,"sens_suolo_anal2":0,"soil_raw_a1":433,"soil_raw_a2":444,"vbat":12.1733,"vbat_pct":44,"vbat_str":"? V (44%)","vpv":0.007712,"valve1":0,"valve2":0,"motion":0,"flow_lph":0,"flow_total":5.697777,"rain":0,"rtc_ok":1,"rtc_epoch":947547713,"age_s":0,"net":"AP Irriga-ESP32 192.168.4.1 | STA timtest 192.168.1.55","rtc_epoch_esp32":1760006973,"rtc_tz_off_s":3600,"bme_voc":2.396226,"bme_co2eq":1191.099,"bme_iaq":119.474,"bme_static_iaq":119.1099,"bme_t":20.99342,"bme_rh":60.47378,"bme_p":1020.368,"bme_iaq_acc":3,"bme_gas_pct":40.87338,"bme_gas_raw":211964.4,"bme_addr":119,"bme_id":97,"bsec_ok":true,"bme280_ok":false,"crops":["","",""],"disp":["Ta 21.4 Ts 22.4","S1 -- S2 --","VB 12.17 PV --","12:49 09/10"]}