{"t_air_ds":21.75,"t_soil_ds":23.1875,"lux":0,"sens_suolo_anal1":0,"sens_suolo_anal2":0,"soil_raw_a1":433,"soil_raw_a2":445,"vbat":12.16994,"vbat_pct":44,"vbat_str":"? V (44%)","vpv":0.003856,"valve1":0,"valve2":0,"motion":0,"flow_lph":0,"flow_total":5.697777,"rain":0,"rtc_ok":1,"rtc_epoch":947475290,"age_s":0,"net":"AP Irriga-ESP32 192.168.4.1 | STA timtest 192.168.1.55","rtc_epoch_esp32":1759934550,"rtc_tz_off_s":3600,"bme_voc":3.245211,"bme_co2eq":1324.854,"bme_iaq":181.7592,"bme_static_iaq":132.4854,"bme_t":21.39744,"bme_rh":59.533,"bme_p":1019.225,"bme_iaq_acc":3,"bme_gas_pct":71.23377,"bme_gas_raw":193902.7,"bme_addr":119,"bme_id":97,"bsec_ok":true,"bme280_ok":false,"crops":["","",""],"disp":["Ta 21.8 Ts 23.2","S1 -- S2 --","VB 12.17 PV --","16:42 08/10"]}