{"t_air_ds":23.9375,"t_soil_ds":21.25,"lux":0,"sens_suolo_anal1":0,"sens_suolo_anal2":0,"soil_raw_a1":435,"soil_raw_a2":445,"vbat":12.17667,"vbat_pct":45,"vbat_str":"? V (45%)","vpv":0.003856,"valve1":0,"valve2":0,"motion":0,"flow_lph":0,"flow_total":0,"rain":0,"rtc_ok":1,"rtc_epoch":947396798,"age_s":0,"net":"AP Irriga-ESP32 192.168.4.1 | STA timtest 192.168.1.55","rtc_epoch_esp32":1759856057,"rtc_tz_off_s":3600,"bme_voc":1.33757,"bme_co2eq":933.9655,"bme_iaq":149.3444,"bme_static_iaq":93.39655,"bme_t":21.67348,"bme_rh":62.71059,"bme_p":1021.073,"bme_iaq_acc":1,"bme_gas_pct":66.52574,"bme_gas_raw":183644.2,"bme_addr":119,"bme_id":97,"bsec_ok":true,"bme280_ok":false,"crops":["","",""],"disp":["Ta 23.9 Ts 21.2","S1 -- S2 --","VB 12.18 PV --","18:54 07/10"]}